target_store,horizon,general,moving_average,personalized,seasonal_naive,personalization_gain_relative_percent
CA_1,7,75.39228966618637,73.73768472906406,76.34032669832688,92.02586206896552,-1.2574721318826076
CA_1,14,78.56270910199426,77.56541054317225,79.36721625926506,92.98499367203037,-1.0240318421636296
CA_1,30,83.83910379092613,82.37418190024826,84.98383825409046,95.76970335264174,-1.365394441738081
TX_1,7,94.92794660007979,89.45908460471567,94.20350799783476,101.69902912621359,0.7631457628563315
TX_1,14,93.16961984212583,88.36841667360012,92.51907894717324,101.68899242865463,0.6982328532142921
TX_1,30,98.62452014504642,94.56592160673792,98.27992978346015,108.2766439909297,0.34939623643236356
WI_1,7,90.22806053756871,84.45378151260503,89.89032020681704,98.38709677419355,0.3743185088313462
WI_1,14,93.28680310026434,87.79452345574187,92.66383834858672,102.32788509162953,0.6677951553426625
WI_1,30,99.13381703130148,93.96243215013442,98.42780231515276,106.91597746613928,0.7121835285791439
