fold,store,horizon,method,MAE_total_units,WAPE_percent,bias_percent,windows,rows
winter,CA_1,7,croston_sba,4.395921709138855,42.52176740703135,3.24980723421214,12,636
winter,CA_1,7,direct_general,3.9031123415736846,37.754820520773585,0.4765592388553761,12,636
winter,CA_1,7,direct_personalized,3.890410819717642,37.63195865156533,0.9019914554439113,12,636
winter,CA_1,7,mean_28,4.156053454351594,40.201520866427586,2.8783269362531234,12,636
winter,CA_1,7,mean_7,4.386792465997567,42.43346020341373,0.6083651522719815,12,636
winter,CA_1,7,tsb,3.9138414884836603,37.858603599629014,2.0291592037557793,12,636
winter,TX_1,7,croston_sba,3.5769977547773735,44.95100912938964,-5.715606334106516,12,636
winter,TX_1,7,direct_general,3.3556561609290823,42.16947872655397,-3.9105624351720403,12,636
winter,TX_1,7,direct_personalized,3.338246596534883,41.95069819000564,-3.15421172471986,12,636
winter,TX_1,7,mean_28,3.5102201321941315,44.11183568613846,-4.910097011515709,12,636
winter,TX_1,7,mean_7,3.7154088270551755,46.69037767253688,-3.260224583567755,12,636
winter,TX_1,7,tsb,3.303027051802655,41.508105215303075,-4.45693251530665,12,636
winter,WI_1,7,croston_sba,4.082519879200158,48.22590347643573,3.5321285227569117,12,636
winter,WI_1,7,direct_general,3.4107736583635115,40.29071409210984,2.6533318147959983,12,636
winter,WI_1,7,direct_personalized,3.4036753116433256,40.20686289385504,1.1593205626655432,12,636
winter,WI_1,7,mean_28,3.592767279425273,42.440564444919644,3.4732541032716697,12,636
winter,WI_1,7,mean_7,3.8380503022352106,45.338038488514,0.5757806736859666,12,636
winter,WI_1,7,tsb,3.440940193189339,40.64706468923514,1.4065363802589377,12,636
winter,CA_1,28,croston_sba,13.715422662361195,33.167333890728976,0.18890226753348055,3,159
winter,CA_1,28,direct_general,13.165992969752482,31.838675014306382,2.6061413416164436,3,159
winter,CA_1,28,direct_personalized,13.491943445454979,32.6269050620128,-0.2848320282684101,3,159
winter,CA_1,28,mean_28,13.597484155364757,32.88212898407599,4.471483105262423,3,159
winter,CA_1,28,mean_7,16.59748414402488,40.13688180836434,-6.129277463194988,3,159
winter,CA_1,28,tsb,13.245380911722009,32.030654980438015,0.8159172374212141,3,159
winter,TX_1,28,croston_sba,12.24408533623566,38.466895247213394,-10.513499634913622,3,159
winter,TX_1,28,direct_general,12.62461713396903,39.662401191485394,-4.742301368673336,3,159
winter,TX_1,28,direct_personalized,12.490680728271697,39.241616988642555,-4.114733791397249,3,159
winter,TX_1,28,mean_28,13.245283047264477,41.6123296683472,-5.690575307582918,3,159
winter,TX_1,28,mean_7,14.283018600265935,44.87255399016565,-13.613909853939198,3,159
winter,TX_1,28,tsb,11.548734838297067,36.282332331342296,-9.986004003152862,3,159
winter,WI_1,28,croston_sba,14.469446395172753,42.731091694510916,4.075702004393066,3,159
winter,WI_1,28,direct_general,12.809615631007924,37.82928836051745,2.8641097813590073,3,159
winter,WI_1,28,direct_personalized,13.229990884310231,39.07073830990578,1.0709732269278758,3,159
winter,WI_1,28,mean_28,12.836477899607623,37.908617868454904,4.327637439020764,3,159
winter,WI_1,28,mean_7,14.99371052538074,44.279345719456494,-3.6404157464252718,3,159
winter,WI_1,28,tsb,12.781305361848622,37.74568262507301,2.423169481363825,3,159
spring,CA_1,7,croston_sba,5.818382124974093,61.383279944986704,11.274589111962925,8,424
spring,CA_1,7,direct_general,4.2319602929890365,44.646707246264036,-4.382116974102721,8,424
spring,CA_1,7,direct_personalized,4.461710406893443,47.070545223260005,2.463650404266841,8,424
spring,CA_1,7,mean_28,4.860259421916573,51.275192706957625,-3.116446889660702,8,424
spring,CA_1,7,mean_7,4.634434010306338,48.892759899723494,-1.3187356387747255,8,424
spring,CA_1,7,tsb,4.525110696315956,47.73941117785433,-2.473225744610395,8,424
spring,TX_1,7,croston_sba,3.75756274484894,52.66798690300663,8.91045004625528,8,424
spring,TX_1,7,direct_general,3.1654021394491756,44.36795064880828,3.7243246896700426,8,424
spring,TX_1,7,direct_personalized,3.180355600435023,44.57754626725454,2.083781801749113,8,424
spring,TX_1,7,mean_28,3.3337264264195734,46.727272886013196,4.280991825806208,8,424
spring,TX_1,7,mean_7,3.7051886907374523,51.933884458600986,-0.49586702033507923,8,424
spring,TX_1,7,tsb,3.2973118729529443,46.21686724403466,3.777030206152876,8,424
spring,WI_1,7,croston_sba,4.5582797238546044,59.70684593495065,14.052232771847452,8,424
spring,WI_1,7,direct_general,3.4594736258139096,45.31408147497985,-0.5381594447417322,8,424
spring,WI_1,7,direct_personalized,3.434418138907344,44.98589097611102,-0.8603794972654254,8,424
spring,WI_1,7,mean_28,3.891509457772492,50.9731235741593,1.4828545814463485,8,424
spring,WI_1,7,mean_7,3.8797169826081337,50.818659271728414,-1.8844606849121244,8,424
spring,WI_1,7,tsb,3.532063395547437,46.2649020609241,-0.4475150380370386,8,424
spring,CA_1,28,croston_sba,17.00866060780746,44.85986624602117,11.337258518976922,2,106
spring,CA_1,28,direct_general,14.581073705247551,38.4571737436238,-5.42024863588629,2,106
spring,CA_1,28,direct_personalized,16.219098512294156,42.77741832055687,1.8730432469917786,2,106
spring,CA_1,28,mean_28,14.584905788442999,38.467280755783975,-0.4976363372939177,2,106
spring,CA_1,28,mean_7,20.367924598590385,53.71983098906645,-1.0699180457449042,2,106
spring,CA_1,28,tsb,16.04663600841307,42.32255329414743,-4.104953031758547,2,106
spring,TX_1,28,croston_sba,11.87365859074489,41.60686977252755,11.651565041230484,2,106
spring,TX_1,28,direct_general,10.057764556329206,35.24373695771556,7.537061563700684,2,106
spring,TX_1,28,direct_personalized,10.047206453486996,35.206739969243685,4.6964795266793775,2,106
spring,TX_1,28,mean_28,9.688679262292835,33.95041328274514,9.88429727091277,2,106
spring,TX_1,28,mean_7,13.10377362370491,45.91735550785853,-8.892561386439425,2,106
spring,TX_1,28,tsb,10.44690131973338,36.607323632784734,4.9368188264511375,2,106
spring,WI_1,28,croston_sba,14.144330471536437,46.31754803777765,12.34063152822735,2,106
spring,WI_1,28,direct_general,11.18514724595929,36.62729712918396,2.7921163289127873,2,106
spring,WI_1,28,direct_personalized,11.003851787731895,36.03362031200435,3.9077360764178075,2,106
spring,WI_1,28,mean_28,12.028301575133261,39.38832150028192,7.568735805399667,2,106
spring,WI_1,28,mean_7,15.273584925341156,50.01544646543598,-5.838739218297917,2,106
spring,WI_1,28,tsb,11.135987830607167,36.46631788830274,0.7766468794508604,2,106
summer,CA_1,7,croston_sba,5.634771439024749,54.41285944622357,10.746708839849918,13,689
summer,CA_1,7,direct_general,4.3307356900861285,41.82027877322134,2.5446146984010944,13,689
summer,CA_1,7,direct_personalized,4.604366819362098,44.462631233924114,10.35759898820225,13,689
summer,CA_1,7,mean_28,4.809506542613008,46.44358805690767,1.9236160205976063,13,689
summer,CA_1,7,mean_7,4.8098694022490776,46.44709205535549,1.6818501845722693,13,689
summer,CA_1,7,tsb,4.462928864799836,43.096818330022245,3.1832010328319593,13,689
summer,TX_1,7,croston_sba,3.621257602129141,44.9476938905959,-1.133830531988108,13,689
summer,TX_1,7,direct_general,3.3691146576639226,41.81805078599248,0.15325544945931913,13,689
summer,TX_1,7,direct_personalized,3.3414188929345507,41.474286024714566,-1.5079784371298384,13,689
summer,TX_1,7,mean_28,3.3722786584866324,41.857322927351646,-3.3147179807006637,13,689
summer,TX_1,7,mean_7,3.9738752032009717,49.32444631607763,-0.2522062063968798,13,689
summer,TX_1,7,tsb,3.3638479571735735,41.75267956210759,-0.7074590965012425,13,689
summer,WI_1,7,croston_sba,4.185623077240554,55.004659550233484,10.567879052204756,13,689
summer,WI_1,7,direct_general,3.1193571657791237,40.992505955022246,3.222880268516703,13,689
summer,WI_1,7,direct_personalized,3.119288588488807,40.99160475813061,2.7107164615791146,13,689
summer,WI_1,7,mean_28,3.378084208199914,44.39252373545185,-2.126644886483019,13,689
summer,WI_1,7,mean_7,3.486211904485444,45.813465614924105,-0.22887622760994253,13,689
summer,WI_1,7,tsb,3.1715196694719423,41.67799069742835,1.7887125257532046,13,689
summer,CA_1,28,croston_sba,20.344091707472327,48.759580667592694,11.78426743989302,3,159
summer,CA_1,28,direct_general,18.705498569955427,44.832292321720125,-1.245592649153442,3,159
summer,CA_1,28,direct_personalized,18.60756293695959,44.59756567646329,4.494152084961062,3,159
summer,CA_1,28,mean_28,19.207547547026252,46.03557521822692,-0.39192019145568524,3,159
summer,CA_1,28,mean_7,22.981132073222465,55.07989146280332,2.0801933515420474,3,159
summer,CA_1,28,tsb,19.559935607658744,46.8801592043675,1.5395788980864746,3,159
summer,TX_1,28,croston_sba,10.928131200342333,33.87081600106104,-5.28812243925558,3,159
summer,TX_1,28,direct_general,12.389792715837746,38.401111926280734,-2.5932212587859897,3,159
summer,TX_1,28,direct_personalized,12.502763893010107,38.75125651049916,-5.885598302962255,3,159
summer,TX_1,28,mean_28,11.91194952012233,36.920077460028274,-8.0701755155713,3,159
summer,TX_1,28,mean_7,14.238993665332314,44.13255346564986,-2.456139552662944,3,159
summer,TX_1,28,tsb,10.993191350055957,34.07246441830209,-5.723777554058656,3,159
summer,WI_1,28,croston_sba,12.165035981865886,40.45682328208901,13.499635358679889,3,159
summer,WI_1,28,direct_general,10.974925960197389,36.49891712343411,0.6397815073316901,3,159
summer,WI_1,28,direct_personalized,11.125367370885122,36.999234720157595,-1.526085212063126,3,159
summer,WI_1,28,mean_28,11.018867838870054,36.645053051251594,-2.719096575439587,3,159
summer,WI_1,28,mean_7,13.679245150314188,45.49257433382045,-4.03681206319203,3,159
summer,WI_1,28,tsb,10.820147973876574,35.984177532867086,0.5977889595383616,3,159
