item_id,dept_id,cat_id,store_id,state_id
FOODS_1_048,FOODS_1,FOODS,CA_1,CA
FOODS_1_048,FOODS_1,FOODS,CA_2,CA
FOODS_1_048,FOODS_1,FOODS,CA_3,CA
FOODS_1_048,FOODS_1,FOODS,CA_4,CA
FOODS_1_048,FOODS_1,FOODS,TX_1,TX
FOODS_1_048,FOODS_1,FOODS,TX_2,TX
FOODS_1_048,FOODS_1,FOODS,TX_3,TX
FOODS_1_048,FOODS_1,FOODS,WI_1,WI
FOODS_1_048,FOODS_1,FOODS,WI_2,WI
FOODS_1_048,FOODS_1,FOODS,WI_3,WI
FOODS_1_098,FOODS_1,FOODS,CA_1,CA
FOODS_1_098,FOODS_1,FOODS,CA_2,CA
FOODS_1_098,FOODS_1,FOODS,CA_3,CA
FOODS_1_098,FOODS_1,FOODS,CA_4,CA
FOODS_1_098,FOODS_1,FOODS,TX_1,TX
FOODS_1_098,FOODS_1,FOODS,TX_2,TX
FOODS_1_098,FOODS_1,FOODS,TX_3,TX
FOODS_1_098,FOODS_1,FOODS,WI_1,WI
FOODS_1_098,FOODS_1,FOODS,WI_2,WI
FOODS_1_098,FOODS_1,FOODS,WI_3,WI
FOODS_1_111,FOODS_1,FOODS,CA_1,CA
FOODS_1_111,FOODS_1,FOODS,CA_2,CA
FOODS_1_111,FOODS_1,FOODS,CA_3,CA
FOODS_1_111,FOODS_1,FOODS,CA_4,CA
FOODS_1_111,FOODS_1,FOODS,TX_1,TX
FOODS_1_111,FOODS_1,FOODS,TX_2,TX
FOODS_1_111,FOODS_1,FOODS,TX_3,TX
FOODS_1_111,FOODS_1,FOODS,WI_1,WI
FOODS_1_111,FOODS_1,FOODS,WI_2,WI
FOODS_1_111,FOODS_1,FOODS,WI_3,WI
FOODS_1_160,FOODS_1,FOODS,CA_1,CA
FOODS_1_160,FOODS_1,FOODS,CA_2,CA
FOODS_1_160,FOODS_1,FOODS,CA_3,CA
FOODS_1_160,FOODS_1,FOODS,CA_4,CA
FOODS_1_160,FOODS_1,FOODS,TX_1,TX
FOODS_1_160,FOODS_1,FOODS,TX_2,TX
FOODS_1_160,FOODS_1,FOODS,TX_3,TX
FOODS_1_160,FOODS_1,FOODS,WI_1,WI
FOODS_1_160,FOODS_1,FOODS,WI_2,WI
FOODS_1_160,FOODS_1,FOODS,WI_3,WI
FOODS_2_011,FOODS_2,FOODS,CA_1,CA
FOODS_2_011,FOODS_2,FOODS,CA_2,CA
FOODS_2_011,FOODS_2,FOODS,CA_3,CA
FOODS_2_011,FOODS_2,FOODS,CA_4,CA
FOODS_2_011,FOODS_2,FOODS,TX_1,TX
FOODS_2_011,FOODS_2,FOODS,TX_2,TX
FOODS_2_011,FOODS_2,FOODS,TX_3,TX
FOODS_2_011,FOODS_2,FOODS,WI_1,WI
FOODS_2_011,FOODS_2,FOODS,WI_2,WI
FOODS_2_011,FOODS_2,FOODS,WI_3,WI
FOODS_2_030,FOODS_2,FOODS,CA_1,CA
FOODS_2_030,FOODS_2,FOODS,CA_2,CA
FOODS_2_030,FOODS_2,FOODS,CA_3,CA
FOODS_2_030,FOODS_2,FOODS,CA_4,CA
FOODS_2_030,FOODS_2,FOODS,TX_1,TX
FOODS_2_030,FOODS_2,FOODS,TX_2,TX
FOODS_2_030,FOODS_2,FOODS,TX_3,TX
FOODS_2_030,FOODS_2,FOODS,WI_1,WI
FOODS_2_030,FOODS_2,FOODS,WI_2,WI
FOODS_2_030,FOODS_2,FOODS,WI_3,WI
FOODS_2_037,FOODS_2,FOODS,CA_1,CA
FOODS_2_037,FOODS_2,FOODS,CA_2,CA
FOODS_2_037,FOODS_2,FOODS,CA_3,CA
FOODS_2_037,FOODS_2,FOODS,CA_4,CA
FOODS_2_037,FOODS_2,FOODS,TX_1,TX
FOODS_2_037,FOODS_2,FOODS,TX_2,TX
FOODS_2_037,FOODS_2,FOODS,TX_3,TX
FOODS_2_037,FOODS_2,FOODS,WI_1,WI
FOODS_2_037,FOODS_2,FOODS,WI_2,WI
FOODS_2_037,FOODS_2,FOODS,WI_3,WI
FOODS_2_091,FOODS_2,FOODS,CA_1,CA
FOODS_2_091,FOODS_2,FOODS,CA_2,CA
FOODS_2_091,FOODS_2,FOODS,CA_3,CA
FOODS_2_091,FOODS_2,FOODS,CA_4,CA
FOODS_2_091,FOODS_2,FOODS,TX_1,TX
FOODS_2_091,FOODS_2,FOODS,TX_2,TX
FOODS_2_091,FOODS_2,FOODS,TX_3,TX
FOODS_2_091,FOODS_2,FOODS,WI_1,WI
FOODS_2_091,FOODS_2,FOODS,WI_2,WI
FOODS_2_091,FOODS_2,FOODS,WI_3,WI
FOODS_2_175,FOODS_2,FOODS,CA_1,CA
FOODS_2_175,FOODS_2,FOODS,CA_2,CA
FOODS_2_175,FOODS_2,FOODS,CA_3,CA
FOODS_2_175,FOODS_2,FOODS,CA_4,CA
FOODS_2_175,FOODS_2,FOODS,TX_1,TX
FOODS_2_175,FOODS_2,FOODS,TX_2,TX
FOODS_2_175,FOODS_2,FOODS,TX_3,TX
FOODS_2_175,FOODS_2,FOODS,WI_1,WI
FOODS_2_175,FOODS_2,FOODS,WI_2,WI
FOODS_2_175,FOODS_2,FOODS,WI_3,WI
FOODS_2_276,FOODS_2,FOODS,CA_1,CA
FOODS_2_276,FOODS_2,FOODS,CA_2,CA
FOODS_2_276,FOODS_2,FOODS,CA_3,CA
FOODS_2_276,FOODS_2,FOODS,CA_4,CA
FOODS_2_276,FOODS_2,FOODS,TX_1,TX
FOODS_2_276,FOODS_2,FOODS,TX_2,TX
FOODS_2_276,FOODS_2,FOODS,TX_3,TX
FOODS_2_276,FOODS_2,FOODS,WI_1,WI
FOODS_2_276,FOODS_2,FOODS,WI_2,WI
FOODS_2_276,FOODS_2,FOODS,WI_3,WI
FOODS_3_087,FOODS_3,FOODS,CA_1,CA
FOODS_3_087,FOODS_3,FOODS,CA_2,CA
FOODS_3_087,FOODS_3,FOODS,CA_3,CA
FOODS_3_087,FOODS_3,FOODS,CA_4,CA
FOODS_3_087,FOODS_3,FOODS,TX_1,TX
FOODS_3_087,FOODS_3,FOODS,TX_2,TX
FOODS_3_087,FOODS_3,FOODS,TX_3,TX
FOODS_3_087,FOODS_3,FOODS,WI_1,WI
FOODS_3_087,FOODS_3,FOODS,WI_2,WI
FOODS_3_087,FOODS_3,FOODS,WI_3,WI
FOODS_3_289,FOODS_3,FOODS,CA_1,CA
FOODS_3_289,FOODS_3,FOODS,CA_2,CA
FOODS_3_289,FOODS_3,FOODS,CA_3,CA
FOODS_3_289,FOODS_3,FOODS,CA_4,CA
FOODS_3_289,FOODS_3,FOODS,TX_1,TX
FOODS_3_289,FOODS_3,FOODS,TX_2,TX
FOODS_3_289,FOODS_3,FOODS,TX_3,TX
FOODS_3_289,FOODS_3,FOODS,WI_1,WI
FOODS_3_289,FOODS_3,FOODS,WI_2,WI
FOODS_3_289,FOODS_3,FOODS,WI_3,WI
FOODS_3_329,FOODS_3,FOODS,CA_1,CA
FOODS_3_329,FOODS_3,FOODS,CA_2,CA
FOODS_3_329,FOODS_3,FOODS,CA_3,CA
FOODS_3_329,FOODS_3,FOODS,CA_4,CA
FOODS_3_329,FOODS_3,FOODS,TX_1,TX
FOODS_3_329,FOODS_3,FOODS,TX_2,TX
FOODS_3_329,FOODS_3,FOODS,TX_3,TX
FOODS_3_329,FOODS_3,FOODS,WI_1,WI
FOODS_3_329,FOODS_3,FOODS,WI_2,WI
FOODS_3_329,FOODS_3,FOODS,WI_3,WI
FOODS_3_413,FOODS_3,FOODS,CA_1,CA
FOODS_3_413,FOODS_3,FOODS,CA_2,CA
FOODS_3_413,FOODS_3,FOODS,CA_3,CA
FOODS_3_413,FOODS_3,FOODS,CA_4,CA
FOODS_3_413,FOODS_3,FOODS,TX_1,TX
FOODS_3_413,FOODS_3,FOODS,TX_2,TX
FOODS_3_413,FOODS_3,FOODS,TX_3,TX
FOODS_3_413,FOODS_3,FOODS,WI_1,WI
FOODS_3_413,FOODS_3,FOODS,WI_2,WI
FOODS_3_413,FOODS_3,FOODS,WI_3,WI
FOODS_3_478,FOODS_3,FOODS,CA_1,CA
FOODS_3_478,FOODS_3,FOODS,CA_2,CA
FOODS_3_478,FOODS_3,FOODS,CA_3,CA
FOODS_3_478,FOODS_3,FOODS,CA_4,CA
FOODS_3_478,FOODS_3,FOODS,TX_1,TX
FOODS_3_478,FOODS_3,FOODS,TX_2,TX
FOODS_3_478,FOODS_3,FOODS,TX_3,TX
FOODS_3_478,FOODS_3,FOODS,WI_1,WI
FOODS_3_478,FOODS_3,FOODS,WI_2,WI
FOODS_3_478,FOODS_3,FOODS,WI_3,WI
FOODS_3_530,FOODS_3,FOODS,CA_1,CA
FOODS_3_530,FOODS_3,FOODS,CA_2,CA
FOODS_3_530,FOODS_3,FOODS,CA_3,CA
FOODS_3_530,FOODS_3,FOODS,CA_4,CA
FOODS_3_530,FOODS_3,FOODS,TX_1,TX
FOODS_3_530,FOODS_3,FOODS,TX_2,TX
FOODS_3_530,FOODS_3,FOODS,TX_3,TX
FOODS_3_530,FOODS_3,FOODS,WI_1,WI
FOODS_3_530,FOODS_3,FOODS,WI_2,WI
FOODS_3_530,FOODS_3,FOODS,WI_3,WI
FOODS_3_603,FOODS_3,FOODS,CA_1,CA
FOODS_3_603,FOODS_3,FOODS,CA_2,CA
FOODS_3_603,FOODS_3,FOODS,CA_3,CA
FOODS_3_603,FOODS_3,FOODS,CA_4,CA
FOODS_3_603,FOODS_3,FOODS,TX_1,TX
FOODS_3_603,FOODS_3,FOODS,TX_2,TX
FOODS_3_603,FOODS_3,FOODS,TX_3,TX
FOODS_3_603,FOODS_3,FOODS,WI_1,WI
FOODS_3_603,FOODS_3,FOODS,WI_2,WI
FOODS_3_603,FOODS_3,FOODS,WI_3,WI
FOODS_3_679,FOODS_3,FOODS,CA_1,CA
FOODS_3_679,FOODS_3,FOODS,CA_2,CA
FOODS_3_679,FOODS_3,FOODS,CA_3,CA
FOODS_3_679,FOODS_3,FOODS,CA_4,CA
FOODS_3_679,FOODS_3,FOODS,TX_1,TX
FOODS_3_679,FOODS_3,FOODS,TX_2,TX
FOODS_3_679,FOODS_3,FOODS,TX_3,TX
FOODS_3_679,FOODS_3,FOODS,WI_1,WI
FOODS_3_679,FOODS_3,FOODS,WI_2,WI
FOODS_3_679,FOODS_3,FOODS,WI_3,WI
FOODS_3_686,FOODS_3,FOODS,CA_1,CA
FOODS_3_686,FOODS_3,FOODS,CA_2,CA
FOODS_3_686,FOODS_3,FOODS,CA_3,CA
FOODS_3_686,FOODS_3,FOODS,CA_4,CA
FOODS_3_686,FOODS_3,FOODS,TX_1,TX
FOODS_3_686,FOODS_3,FOODS,TX_2,TX
FOODS_3_686,FOODS_3,FOODS,TX_3,TX
FOODS_3_686,FOODS_3,FOODS,WI_1,WI
FOODS_3_686,FOODS_3,FOODS,WI_2,WI
FOODS_3_686,FOODS_3,FOODS,WI_3,WI
FOODS_3_691,FOODS_3,FOODS,CA_1,CA
FOODS_3_691,FOODS_3,FOODS,CA_2,CA
FOODS_3_691,FOODS_3,FOODS,CA_3,CA
FOODS_3_691,FOODS_3,FOODS,CA_4,CA
FOODS_3_691,FOODS_3,FOODS,TX_1,TX
FOODS_3_691,FOODS_3,FOODS,TX_2,TX
FOODS_3_691,FOODS_3,FOODS,TX_3,TX
FOODS_3_691,FOODS_3,FOODS,WI_1,WI
FOODS_3_691,FOODS_3,FOODS,WI_2,WI
FOODS_3_691,FOODS_3,FOODS,WI_3,WI
HOBBIES_1_008,HOBBIES_1,HOBBIES,CA_1,CA
HOBBIES_1_008,HOBBIES_1,HOBBIES,CA_2,CA
HOBBIES_1_008,HOBBIES_1,HOBBIES,CA_3,CA
HOBBIES_1_008,HOBBIES_1,HOBBIES,CA_4,CA
HOBBIES_1_008,HOBBIES_1,HOBBIES,TX_1,TX
HOBBIES_1_008,HOBBIES_1,HOBBIES,TX_2,TX
HOBBIES_1_008,HOBBIES_1,HOBBIES,TX_3,TX
HOBBIES_1_008,HOBBIES_1,HOBBIES,WI_1,WI
HOBBIES_1_008,HOBBIES_1,HOBBIES,WI_2,WI
HOBBIES_1_008,HOBBIES_1,HOBBIES,WI_3,WI
HOBBIES_1_056,HOBBIES_1,HOBBIES,CA_1,CA
HOBBIES_1_056,HOBBIES_1,HOBBIES,CA_2,CA
HOBBIES_1_056,HOBBIES_1,HOBBIES,CA_3,CA
HOBBIES_1_056,HOBBIES_1,HOBBIES,CA_4,CA
HOBBIES_1_056,HOBBIES_1,HOBBIES,TX_1,TX
HOBBIES_1_056,HOBBIES_1,HOBBIES,TX_2,TX
HOBBIES_1_056,HOBBIES_1,HOBBIES,TX_3,TX
HOBBIES_1_056,HOBBIES_1,HOBBIES,WI_1,WI
HOBBIES_1_056,HOBBIES_1,HOBBIES,WI_2,WI
HOBBIES_1_056,HOBBIES_1,HOBBIES,WI_3,WI
HOBBIES_1_066,HOBBIES_1,HOBBIES,CA_1,CA
HOBBIES_1_066,HOBBIES_1,HOBBIES,CA_2,CA
HOBBIES_1_066,HOBBIES_1,HOBBIES,CA_3,CA
HOBBIES_1_066,HOBBIES_1,HOBBIES,CA_4,CA
HOBBIES_1_066,HOBBIES_1,HOBBIES,TX_1,TX
HOBBIES_1_066,HOBBIES_1,HOBBIES,TX_2,TX
HOBBIES_1_066,HOBBIES_1,HOBBIES,TX_3,TX
HOBBIES_1_066,HOBBIES_1,HOBBIES,WI_1,WI
HOBBIES_1_066,HOBBIES_1,HOBBIES,WI_2,WI
HOBBIES_1_066,HOBBIES_1,HOBBIES,WI_3,WI
HOBBIES_1_074,HOBBIES_1,HOBBIES,CA_1,CA
HOBBIES_1_074,HOBBIES_1,HOBBIES,CA_2,CA
HOBBIES_1_074,HOBBIES_1,HOBBIES,CA_3,CA
HOBBIES_1_074,HOBBIES_1,HOBBIES,CA_4,CA
HOBBIES_1_074,HOBBIES_1,HOBBIES,TX_1,TX
HOBBIES_1_074,HOBBIES_1,HOBBIES,TX_2,TX
HOBBIES_1_074,HOBBIES_1,HOBBIES,TX_3,TX
HOBBIES_1_074,HOBBIES_1,HOBBIES,WI_1,WI
HOBBIES_1_074,HOBBIES_1,HOBBIES,WI_2,WI
HOBBIES_1_074,HOBBIES_1,HOBBIES,WI_3,WI
HOBBIES_1_095,HOBBIES_1,HOBBIES,CA_1,CA
HOBBIES_1_095,HOBBIES_1,HOBBIES,CA_2,CA
HOBBIES_1_095,HOBBIES_1,HOBBIES,CA_3,CA
HOBBIES_1_095,HOBBIES_1,HOBBIES,CA_4,CA
HOBBIES_1_095,HOBBIES_1,HOBBIES,TX_1,TX
HOBBIES_1_095,HOBBIES_1,HOBBIES,TX_2,TX
HOBBIES_1_095,HOBBIES_1,HOBBIES,TX_3,TX
HOBBIES_1_095,HOBBIES_1,HOBBIES,WI_1,WI
HOBBIES_1_095,HOBBIES_1,HOBBIES,WI_2,WI
HOBBIES_1_095,HOBBIES_1,HOBBIES,WI_3,WI
HOBBIES_1_097,HOBBIES_1,HOBBIES,CA_1,CA
HOBBIES_1_097,HOBBIES_1,HOBBIES,CA_2,CA
HOBBIES_1_097,HOBBIES_1,HOBBIES,CA_3,CA
HOBBIES_1_097,HOBBIES_1,HOBBIES,CA_4,CA
HOBBIES_1_097,HOBBIES_1,HOBBIES,TX_1,TX
HOBBIES_1_097,HOBBIES_1,HOBBIES,TX_2,TX
HOBBIES_1_097,HOBBIES_1,HOBBIES,TX_3,TX
HOBBIES_1_097,HOBBIES_1,HOBBIES,WI_1,WI
HOBBIES_1_097,HOBBIES_1,HOBBIES,WI_2,WI
HOBBIES_1_097,HOBBIES_1,HOBBIES,WI_3,WI
HOBBIES_1_112,HOBBIES_1,HOBBIES,CA_1,CA
HOBBIES_1_112,HOBBIES_1,HOBBIES,CA_2,CA
HOBBIES_1_112,HOBBIES_1,HOBBIES,CA_3,CA
HOBBIES_1_112,HOBBIES_1,HOBBIES,CA_4,CA
HOBBIES_1_112,HOBBIES_1,HOBBIES,TX_1,TX
HOBBIES_1_112,HOBBIES_1,HOBBIES,TX_2,TX
HOBBIES_1_112,HOBBIES_1,HOBBIES,TX_3,TX
HOBBIES_1_112,HOBBIES_1,HOBBIES,WI_1,WI
HOBBIES_1_112,HOBBIES_1,HOBBIES,WI_2,WI
HOBBIES_1_112,HOBBIES_1,HOBBIES,WI_3,WI
HOBBIES_1_142,HOBBIES_1,HOBBIES,CA_1,CA
HOBBIES_1_142,HOBBIES_1,HOBBIES,CA_2,CA
HOBBIES_1_142,HOBBIES_1,HOBBIES,CA_3,CA
HOBBIES_1_142,HOBBIES_1,HOBBIES,CA_4,CA
HOBBIES_1_142,HOBBIES_1,HOBBIES,TX_1,TX
HOBBIES_1_142,HOBBIES_1,HOBBIES,TX_2,TX
HOBBIES_1_142,HOBBIES_1,HOBBIES,TX_3,TX
HOBBIES_1_142,HOBBIES_1,HOBBIES,WI_1,WI
HOBBIES_1_142,HOBBIES_1,HOBBIES,WI_2,WI
HOBBIES_1_142,HOBBIES_1,HOBBIES,WI_3,WI
HOBBIES_1_153,HOBBIES_1,HOBBIES,CA_1,CA
HOBBIES_1_153,HOBBIES_1,HOBBIES,CA_2,CA
HOBBIES_1_153,HOBBIES_1,HOBBIES,CA_3,CA
HOBBIES_1_153,HOBBIES_1,HOBBIES,CA_4,CA
HOBBIES_1_153,HOBBIES_1,HOBBIES,TX_1,TX
HOBBIES_1_153,HOBBIES_1,HOBBIES,TX_2,TX
HOBBIES_1_153,HOBBIES_1,HOBBIES,TX_3,TX
HOBBIES_1_153,HOBBIES_1,HOBBIES,WI_1,WI
HOBBIES_1_153,HOBBIES_1,HOBBIES,WI_2,WI
HOBBIES_1_153,HOBBIES_1,HOBBIES,WI_3,WI
HOBBIES_1_198,HOBBIES_1,HOBBIES,CA_1,CA
HOBBIES_1_198,HOBBIES_1,HOBBIES,CA_2,CA
HOBBIES_1_198,HOBBIES_1,HOBBIES,CA_3,CA
HOBBIES_1_198,HOBBIES_1,HOBBIES,CA_4,CA
HOBBIES_1_198,HOBBIES_1,HOBBIES,TX_1,TX
HOBBIES_1_198,HOBBIES_1,HOBBIES,TX_2,TX
HOBBIES_1_198,HOBBIES_1,HOBBIES,TX_3,TX
HOBBIES_1_198,HOBBIES_1,HOBBIES,WI_1,WI
HOBBIES_1_198,HOBBIES_1,HOBBIES,WI_2,WI
HOBBIES_1_198,HOBBIES_1,HOBBIES,WI_3,WI
HOBBIES_1_203,HOBBIES_1,HOBBIES,CA_1,CA
HOBBIES_1_203,HOBBIES_1,HOBBIES,CA_2,CA
HOBBIES_1_203,HOBBIES_1,HOBBIES,CA_3,CA
HOBBIES_1_203,HOBBIES_1,HOBBIES,CA_4,CA
HOBBIES_1_203,HOBBIES_1,HOBBIES,TX_1,TX
HOBBIES_1_203,HOBBIES_1,HOBBIES,TX_2,TX
HOBBIES_1_203,HOBBIES_1,HOBBIES,TX_3,TX
HOBBIES_1_203,HOBBIES_1,HOBBIES,WI_1,WI
HOBBIES_1_203,HOBBIES_1,HOBBIES,WI_2,WI
HOBBIES_1_203,HOBBIES_1,HOBBIES,WI_3,WI
HOBBIES_1_232,HOBBIES_1,HOBBIES,CA_1,CA
HOBBIES_1_232,HOBBIES_1,HOBBIES,CA_2,CA
HOBBIES_1_232,HOBBIES_1,HOBBIES,CA_3,CA
HOBBIES_1_232,HOBBIES_1,HOBBIES,CA_4,CA
HOBBIES_1_232,HOBBIES_1,HOBBIES,TX_1,TX
HOBBIES_1_232,HOBBIES_1,HOBBIES,TX_2,TX
HOBBIES_1_232,HOBBIES_1,HOBBIES,TX_3,TX
HOBBIES_1_232,HOBBIES_1,HOBBIES,WI_1,WI
HOBBIES_1_232,HOBBIES_1,HOBBIES,WI_2,WI
HOBBIES_1_232,HOBBIES_1,HOBBIES,WI_3,WI
HOBBIES_1_261,HOBBIES_1,HOBBIES,CA_1,CA
HOBBIES_1_261,HOBBIES_1,HOBBIES,CA_2,CA
HOBBIES_1_261,HOBBIES_1,HOBBIES,CA_3,CA
HOBBIES_1_261,HOBBIES_1,HOBBIES,CA_4,CA
HOBBIES_1_261,HOBBIES_1,HOBBIES,TX_1,TX
HOBBIES_1_261,HOBBIES_1,HOBBIES,TX_2,TX
HOBBIES_1_261,HOBBIES_1,HOBBIES,TX_3,TX
HOBBIES_1_261,HOBBIES_1,HOBBIES,WI_1,WI
HOBBIES_1_261,HOBBIES_1,HOBBIES,WI_2,WI
HOBBIES_1_261,HOBBIES_1,HOBBIES,WI_3,WI
HOBBIES_1_265,HOBBIES_1,HOBBIES,CA_1,CA
HOBBIES_1_265,HOBBIES_1,HOBBIES,CA_2,CA
HOBBIES_1_265,HOBBIES_1,HOBBIES,CA_3,CA
HOBBIES_1_265,HOBBIES_1,HOBBIES,CA_4,CA
HOBBIES_1_265,HOBBIES_1,HOBBIES,TX_1,TX
HOBBIES_1_265,HOBBIES_1,HOBBIES,TX_2,TX
HOBBIES_1_265,HOBBIES_1,HOBBIES,TX_3,TX
HOBBIES_1_265,HOBBIES_1,HOBBIES,WI_1,WI
HOBBIES_1_265,HOBBIES_1,HOBBIES,WI_2,WI
HOBBIES_1_265,HOBBIES_1,HOBBIES,WI_3,WI
HOBBIES_1_285,HOBBIES_1,HOBBIES,CA_1,CA
HOBBIES_1_285,HOBBIES_1,HOBBIES,CA_2,CA
HOBBIES_1_285,HOBBIES_1,HOBBIES,CA_3,CA
HOBBIES_1_285,HOBBIES_1,HOBBIES,CA_4,CA
HOBBIES_1_285,HOBBIES_1,HOBBIES,TX_1,TX
HOBBIES_1_285,HOBBIES_1,HOBBIES,TX_2,TX
HOBBIES_1_285,HOBBIES_1,HOBBIES,TX_3,TX
HOBBIES_1_285,HOBBIES_1,HOBBIES,WI_1,WI
HOBBIES_1_285,HOBBIES_1,HOBBIES,WI_2,WI
HOBBIES_1_285,HOBBIES_1,HOBBIES,WI_3,WI
HOBBIES_1_290,HOBBIES_1,HOBBIES,CA_1,CA
HOBBIES_1_290,HOBBIES_1,HOBBIES,CA_2,CA
HOBBIES_1_290,HOBBIES_1,HOBBIES,CA_3,CA
HOBBIES_1_290,HOBBIES_1,HOBBIES,CA_4,CA
HOBBIES_1_290,HOBBIES_1,HOBBIES,TX_1,TX
HOBBIES_1_290,HOBBIES_1,HOBBIES,TX_2,TX
HOBBIES_1_290,HOBBIES_1,HOBBIES,TX_3,TX
HOBBIES_1_290,HOBBIES_1,HOBBIES,WI_1,WI
HOBBIES_1_290,HOBBIES_1,HOBBIES,WI_2,WI
HOBBIES_1_290,HOBBIES_1,HOBBIES,WI_3,WI
HOBBIES_1_331,HOBBIES_1,HOBBIES,CA_1,CA
HOBBIES_1_331,HOBBIES_1,HOBBIES,CA_2,CA
HOBBIES_1_331,HOBBIES_1,HOBBIES,CA_3,CA
HOBBIES_1_331,HOBBIES_1,HOBBIES,CA_4,CA
HOBBIES_1_331,HOBBIES_1,HOBBIES,TX_1,TX
HOBBIES_1_331,HOBBIES_1,HOBBIES,TX_2,TX
HOBBIES_1_331,HOBBIES_1,HOBBIES,TX_3,TX
HOBBIES_1_331,HOBBIES_1,HOBBIES,WI_1,WI
HOBBIES_1_331,HOBBIES_1,HOBBIES,WI_2,WI
HOBBIES_1_331,HOBBIES_1,HOBBIES,WI_3,WI
HOBBIES_1_351,HOBBIES_1,HOBBIES,CA_1,CA
HOBBIES_1_351,HOBBIES_1,HOBBIES,CA_2,CA
HOBBIES_1_351,HOBBIES_1,HOBBIES,CA_3,CA
HOBBIES_1_351,HOBBIES_1,HOBBIES,CA_4,CA
HOBBIES_1_351,HOBBIES_1,HOBBIES,TX_1,TX
HOBBIES_1_351,HOBBIES_1,HOBBIES,TX_2,TX
HOBBIES_1_351,HOBBIES_1,HOBBIES,TX_3,TX
HOBBIES_1_351,HOBBIES_1,HOBBIES,WI_1,WI
HOBBIES_1_351,HOBBIES_1,HOBBIES,WI_2,WI
HOBBIES_1_351,HOBBIES_1,HOBBIES,WI_3,WI
HOBBIES_2_043,HOBBIES_2,HOBBIES,CA_1,CA
HOBBIES_2_043,HOBBIES_2,HOBBIES,CA_2,CA
HOBBIES_2_043,HOBBIES_2,HOBBIES,CA_3,CA
HOBBIES_2_043,HOBBIES_2,HOBBIES,CA_4,CA
HOBBIES_2_043,HOBBIES_2,HOBBIES,TX_1,TX
HOBBIES_2_043,HOBBIES_2,HOBBIES,TX_2,TX
HOBBIES_2_043,HOBBIES_2,HOBBIES,TX_3,TX
HOBBIES_2_043,HOBBIES_2,HOBBIES,WI_1,WI
HOBBIES_2_043,HOBBIES_2,HOBBIES,WI_2,WI
HOBBIES_2_043,HOBBIES_2,HOBBIES,WI_3,WI
HOBBIES_2_091,HOBBIES_2,HOBBIES,CA_1,CA
HOBBIES_2_091,HOBBIES_2,HOBBIES,CA_2,CA
HOBBIES_2_091,HOBBIES_2,HOBBIES,CA_3,CA
HOBBIES_2_091,HOBBIES_2,HOBBIES,CA_4,CA
HOBBIES_2_091,HOBBIES_2,HOBBIES,TX_1,TX
HOBBIES_2_091,HOBBIES_2,HOBBIES,TX_2,TX
HOBBIES_2_091,HOBBIES_2,HOBBIES,TX_3,TX
HOBBIES_2_091,HOBBIES_2,HOBBIES,WI_1,WI
HOBBIES_2_091,HOBBIES_2,HOBBIES,WI_2,WI
HOBBIES_2_091,HOBBIES_2,HOBBIES,WI_3,WI
HOUSEHOLD_1_016,HOUSEHOLD_1,HOUSEHOLD,CA_1,CA
HOUSEHOLD_1_016,HOUSEHOLD_1,HOUSEHOLD,CA_2,CA
HOUSEHOLD_1_016,HOUSEHOLD_1,HOUSEHOLD,CA_3,CA
HOUSEHOLD_1_016,HOUSEHOLD_1,HOUSEHOLD,CA_4,CA
HOUSEHOLD_1_016,HOUSEHOLD_1,HOUSEHOLD,TX_1,TX
HOUSEHOLD_1_016,HOUSEHOLD_1,HOUSEHOLD,TX_2,TX
HOUSEHOLD_1_016,HOUSEHOLD_1,HOUSEHOLD,TX_3,TX
HOUSEHOLD_1_016,HOUSEHOLD_1,HOUSEHOLD,WI_1,WI
HOUSEHOLD_1_016,HOUSEHOLD_1,HOUSEHOLD,WI_2,WI
HOUSEHOLD_1_016,HOUSEHOLD_1,HOUSEHOLD,WI_3,WI
HOUSEHOLD_1_117,HOUSEHOLD_1,HOUSEHOLD,CA_1,CA
HOUSEHOLD_1_117,HOUSEHOLD_1,HOUSEHOLD,CA_2,CA
HOUSEHOLD_1_117,HOUSEHOLD_1,HOUSEHOLD,CA_3,CA
HOUSEHOLD_1_117,HOUSEHOLD_1,HOUSEHOLD,CA_4,CA
HOUSEHOLD_1_117,HOUSEHOLD_1,HOUSEHOLD,TX_1,TX
HOUSEHOLD_1_117,HOUSEHOLD_1,HOUSEHOLD,TX_2,TX
HOUSEHOLD_1_117,HOUSEHOLD_1,HOUSEHOLD,TX_3,TX
HOUSEHOLD_1_117,HOUSEHOLD_1,HOUSEHOLD,WI_1,WI
HOUSEHOLD_1_117,HOUSEHOLD_1,HOUSEHOLD,WI_2,WI
HOUSEHOLD_1_117,HOUSEHOLD_1,HOUSEHOLD,WI_3,WI
HOUSEHOLD_1_185,HOUSEHOLD_1,HOUSEHOLD,CA_1,CA
HOUSEHOLD_1_185,HOUSEHOLD_1,HOUSEHOLD,CA_2,CA
HOUSEHOLD_1_185,HOUSEHOLD_1,HOUSEHOLD,CA_3,CA
HOUSEHOLD_1_185,HOUSEHOLD_1,HOUSEHOLD,CA_4,CA
HOUSEHOLD_1_185,HOUSEHOLD_1,HOUSEHOLD,TX_1,TX
HOUSEHOLD_1_185,HOUSEHOLD_1,HOUSEHOLD,TX_2,TX
HOUSEHOLD_1_185,HOUSEHOLD_1,HOUSEHOLD,TX_3,TX
HOUSEHOLD_1_185,HOUSEHOLD_1,HOUSEHOLD,WI_1,WI
HOUSEHOLD_1_185,HOUSEHOLD_1,HOUSEHOLD,WI_2,WI
HOUSEHOLD_1_185,HOUSEHOLD_1,HOUSEHOLD,WI_3,WI
HOUSEHOLD_1_197,HOUSEHOLD_1,HOUSEHOLD,CA_1,CA
HOUSEHOLD_1_197,HOUSEHOLD_1,HOUSEHOLD,CA_2,CA
HOUSEHOLD_1_197,HOUSEHOLD_1,HOUSEHOLD,CA_3,CA
HOUSEHOLD_1_197,HOUSEHOLD_1,HOUSEHOLD,CA_4,CA
HOUSEHOLD_1_197,HOUSEHOLD_1,HOUSEHOLD,TX_1,TX
HOUSEHOLD_1_197,HOUSEHOLD_1,HOUSEHOLD,TX_2,TX
HOUSEHOLD_1_197,HOUSEHOLD_1,HOUSEHOLD,TX_3,TX
HOUSEHOLD_1_197,HOUSEHOLD_1,HOUSEHOLD,WI_1,WI
HOUSEHOLD_1_197,HOUSEHOLD_1,HOUSEHOLD,WI_2,WI
HOUSEHOLD_1_197,HOUSEHOLD_1,HOUSEHOLD,WI_3,WI
HOUSEHOLD_1_199,HOUSEHOLD_1,HOUSEHOLD,CA_1,CA
HOUSEHOLD_1_199,HOUSEHOLD_1,HOUSEHOLD,CA_2,CA
HOUSEHOLD_1_199,HOUSEHOLD_1,HOUSEHOLD,CA_3,CA
HOUSEHOLD_1_199,HOUSEHOLD_1,HOUSEHOLD,CA_4,CA
HOUSEHOLD_1_199,HOUSEHOLD_1,HOUSEHOLD,TX_1,TX
HOUSEHOLD_1_199,HOUSEHOLD_1,HOUSEHOLD,TX_2,TX
HOUSEHOLD_1_199,HOUSEHOLD_1,HOUSEHOLD,TX_3,TX
HOUSEHOLD_1_199,HOUSEHOLD_1,HOUSEHOLD,WI_1,WI
HOUSEHOLD_1_199,HOUSEHOLD_1,HOUSEHOLD,WI_2,WI
HOUSEHOLD_1_199,HOUSEHOLD_1,HOUSEHOLD,WI_3,WI
HOUSEHOLD_1_242,HOUSEHOLD_1,HOUSEHOLD,CA_1,CA
HOUSEHOLD_1_242,HOUSEHOLD_1,HOUSEHOLD,CA_2,CA
HOUSEHOLD_1_242,HOUSEHOLD_1,HOUSEHOLD,CA_3,CA
HOUSEHOLD_1_242,HOUSEHOLD_1,HOUSEHOLD,CA_4,CA
HOUSEHOLD_1_242,HOUSEHOLD_1,HOUSEHOLD,TX_1,TX
HOUSEHOLD_1_242,HOUSEHOLD_1,HOUSEHOLD,TX_2,TX
HOUSEHOLD_1_242,HOUSEHOLD_1,HOUSEHOLD,TX_3,TX
HOUSEHOLD_1_242,HOUSEHOLD_1,HOUSEHOLD,WI_1,WI
HOUSEHOLD_1_242,HOUSEHOLD_1,HOUSEHOLD,WI_2,WI
HOUSEHOLD_1_242,HOUSEHOLD_1,HOUSEHOLD,WI_3,WI
HOUSEHOLD_1_272,HOUSEHOLD_1,HOUSEHOLD,CA_1,CA
HOUSEHOLD_1_272,HOUSEHOLD_1,HOUSEHOLD,CA_2,CA
HOUSEHOLD_1_272,HOUSEHOLD_1,HOUSEHOLD,CA_3,CA
HOUSEHOLD_1_272,HOUSEHOLD_1,HOUSEHOLD,CA_4,CA
HOUSEHOLD_1_272,HOUSEHOLD_1,HOUSEHOLD,TX_1,TX
HOUSEHOLD_1_272,HOUSEHOLD_1,HOUSEHOLD,TX_2,TX
HOUSEHOLD_1_272,HOUSEHOLD_1,HOUSEHOLD,TX_3,TX
HOUSEHOLD_1_272,HOUSEHOLD_1,HOUSEHOLD,WI_1,WI
HOUSEHOLD_1_272,HOUSEHOLD_1,HOUSEHOLD,WI_2,WI
HOUSEHOLD_1_272,HOUSEHOLD_1,HOUSEHOLD,WI_3,WI
HOUSEHOLD_1_439,HOUSEHOLD_1,HOUSEHOLD,CA_1,CA
HOUSEHOLD_1_439,HOUSEHOLD_1,HOUSEHOLD,CA_2,CA
HOUSEHOLD_1_439,HOUSEHOLD_1,HOUSEHOLD,CA_3,CA
HOUSEHOLD_1_439,HOUSEHOLD_1,HOUSEHOLD,CA_4,CA
HOUSEHOLD_1_439,HOUSEHOLD_1,HOUSEHOLD,TX_1,TX
HOUSEHOLD_1_439,HOUSEHOLD_1,HOUSEHOLD,TX_2,TX
HOUSEHOLD_1_439,HOUSEHOLD_1,HOUSEHOLD,TX_3,TX
HOUSEHOLD_1_439,HOUSEHOLD_1,HOUSEHOLD,WI_1,WI
HOUSEHOLD_1_439,HOUSEHOLD_1,HOUSEHOLD,WI_2,WI
HOUSEHOLD_1_439,HOUSEHOLD_1,HOUSEHOLD,WI_3,WI
HOUSEHOLD_1_485,HOUSEHOLD_1,HOUSEHOLD,CA_1,CA
HOUSEHOLD_1_485,HOUSEHOLD_1,HOUSEHOLD,CA_2,CA
HOUSEHOLD_1_485,HOUSEHOLD_1,HOUSEHOLD,CA_3,CA
HOUSEHOLD_1_485,HOUSEHOLD_1,HOUSEHOLD,CA_4,CA
HOUSEHOLD_1_485,HOUSEHOLD_1,HOUSEHOLD,TX_1,TX
HOUSEHOLD_1_485,HOUSEHOLD_1,HOUSEHOLD,TX_2,TX
HOUSEHOLD_1_485,HOUSEHOLD_1,HOUSEHOLD,TX_3,TX
HOUSEHOLD_1_485,HOUSEHOLD_1,HOUSEHOLD,WI_1,WI
HOUSEHOLD_1_485,HOUSEHOLD_1,HOUSEHOLD,WI_2,WI
HOUSEHOLD_1_485,HOUSEHOLD_1,HOUSEHOLD,WI_3,WI
HOUSEHOLD_2_014,HOUSEHOLD_2,HOUSEHOLD,CA_1,CA
HOUSEHOLD_2_014,HOUSEHOLD_2,HOUSEHOLD,CA_2,CA
HOUSEHOLD_2_014,HOUSEHOLD_2,HOUSEHOLD,CA_3,CA
HOUSEHOLD_2_014,HOUSEHOLD_2,HOUSEHOLD,CA_4,CA
HOUSEHOLD_2_014,HOUSEHOLD_2,HOUSEHOLD,TX_1,TX
HOUSEHOLD_2_014,HOUSEHOLD_2,HOUSEHOLD,TX_2,TX
HOUSEHOLD_2_014,HOUSEHOLD_2,HOUSEHOLD,TX_3,TX
HOUSEHOLD_2_014,HOUSEHOLD_2,HOUSEHOLD,WI_1,WI
HOUSEHOLD_2_014,HOUSEHOLD_2,HOUSEHOLD,WI_2,WI
HOUSEHOLD_2_014,HOUSEHOLD_2,HOUSEHOLD,WI_3,WI
HOUSEHOLD_2_034,HOUSEHOLD_2,HOUSEHOLD,CA_1,CA
HOUSEHOLD_2_034,HOUSEHOLD_2,HOUSEHOLD,CA_2,CA
HOUSEHOLD_2_034,HOUSEHOLD_2,HOUSEHOLD,CA_3,CA
HOUSEHOLD_2_034,HOUSEHOLD_2,HOUSEHOLD,CA_4,CA
HOUSEHOLD_2_034,HOUSEHOLD_2,HOUSEHOLD,TX_1,TX
HOUSEHOLD_2_034,HOUSEHOLD_2,HOUSEHOLD,TX_2,TX
HOUSEHOLD_2_034,HOUSEHOLD_2,HOUSEHOLD,TX_3,TX
HOUSEHOLD_2_034,HOUSEHOLD_2,HOUSEHOLD,WI_1,WI
HOUSEHOLD_2_034,HOUSEHOLD_2,HOUSEHOLD,WI_2,WI
HOUSEHOLD_2_034,HOUSEHOLD_2,HOUSEHOLD,WI_3,WI
HOUSEHOLD_2_076,HOUSEHOLD_2,HOUSEHOLD,CA_1,CA
HOUSEHOLD_2_076,HOUSEHOLD_2,HOUSEHOLD,CA_2,CA
HOUSEHOLD_2_076,HOUSEHOLD_2,HOUSEHOLD,CA_3,CA
HOUSEHOLD_2_076,HOUSEHOLD_2,HOUSEHOLD,CA_4,CA
HOUSEHOLD_2_076,HOUSEHOLD_2,HOUSEHOLD,TX_1,TX
HOUSEHOLD_2_076,HOUSEHOLD_2,HOUSEHOLD,TX_2,TX
HOUSEHOLD_2_076,HOUSEHOLD_2,HOUSEHOLD,TX_3,TX
HOUSEHOLD_2_076,HOUSEHOLD_2,HOUSEHOLD,WI_1,WI
HOUSEHOLD_2_076,HOUSEHOLD_2,HOUSEHOLD,WI_2,WI
HOUSEHOLD_2_076,HOUSEHOLD_2,HOUSEHOLD,WI_3,WI
HOUSEHOLD_2_087,HOUSEHOLD_2,HOUSEHOLD,CA_1,CA
HOUSEHOLD_2_087,HOUSEHOLD_2,HOUSEHOLD,CA_2,CA
HOUSEHOLD_2_087,HOUSEHOLD_2,HOUSEHOLD,CA_3,CA
HOUSEHOLD_2_087,HOUSEHOLD_2,HOUSEHOLD,CA_4,CA
HOUSEHOLD_2_087,HOUSEHOLD_2,HOUSEHOLD,TX_1,TX
HOUSEHOLD_2_087,HOUSEHOLD_2,HOUSEHOLD,TX_2,TX
HOUSEHOLD_2_087,HOUSEHOLD_2,HOUSEHOLD,TX_3,TX
HOUSEHOLD_2_087,HOUSEHOLD_2,HOUSEHOLD,WI_1,WI
HOUSEHOLD_2_087,HOUSEHOLD_2,HOUSEHOLD,WI_2,WI
HOUSEHOLD_2_087,HOUSEHOLD_2,HOUSEHOLD,WI_3,WI
HOUSEHOLD_2_118,HOUSEHOLD_2,HOUSEHOLD,CA_1,CA
HOUSEHOLD_2_118,HOUSEHOLD_2,HOUSEHOLD,CA_2,CA
HOUSEHOLD_2_118,HOUSEHOLD_2,HOUSEHOLD,CA_3,CA
HOUSEHOLD_2_118,HOUSEHOLD_2,HOUSEHOLD,CA_4,CA
HOUSEHOLD_2_118,HOUSEHOLD_2,HOUSEHOLD,TX_1,TX
HOUSEHOLD_2_118,HOUSEHOLD_2,HOUSEHOLD,TX_2,TX
HOUSEHOLD_2_118,HOUSEHOLD_2,HOUSEHOLD,TX_3,TX
HOUSEHOLD_2_118,HOUSEHOLD_2,HOUSEHOLD,WI_1,WI
HOUSEHOLD_2_118,HOUSEHOLD_2,HOUSEHOLD,WI_2,WI
HOUSEHOLD_2_118,HOUSEHOLD_2,HOUSEHOLD,WI_3,WI
HOUSEHOLD_2_175,HOUSEHOLD_2,HOUSEHOLD,CA_1,CA
HOUSEHOLD_2_175,HOUSEHOLD_2,HOUSEHOLD,CA_2,CA
HOUSEHOLD_2_175,HOUSEHOLD_2,HOUSEHOLD,CA_3,CA
HOUSEHOLD_2_175,HOUSEHOLD_2,HOUSEHOLD,CA_4,CA
HOUSEHOLD_2_175,HOUSEHOLD_2,HOUSEHOLD,TX_1,TX
HOUSEHOLD_2_175,HOUSEHOLD_2,HOUSEHOLD,TX_2,TX
HOUSEHOLD_2_175,HOUSEHOLD_2,HOUSEHOLD,TX_3,TX
HOUSEHOLD_2_175,HOUSEHOLD_2,HOUSEHOLD,WI_1,WI
HOUSEHOLD_2_175,HOUSEHOLD_2,HOUSEHOLD,WI_2,WI
HOUSEHOLD_2_175,HOUSEHOLD_2,HOUSEHOLD,WI_3,WI
HOUSEHOLD_2_266,HOUSEHOLD_2,HOUSEHOLD,CA_1,CA
HOUSEHOLD_2_266,HOUSEHOLD_2,HOUSEHOLD,CA_2,CA
HOUSEHOLD_2_266,HOUSEHOLD_2,HOUSEHOLD,CA_3,CA
HOUSEHOLD_2_266,HOUSEHOLD_2,HOUSEHOLD,CA_4,CA
HOUSEHOLD_2_266,HOUSEHOLD_2,HOUSEHOLD,TX_1,TX
HOUSEHOLD_2_266,HOUSEHOLD_2,HOUSEHOLD,TX_2,TX
HOUSEHOLD_2_266,HOUSEHOLD_2,HOUSEHOLD,TX_3,TX
HOUSEHOLD_2_266,HOUSEHOLD_2,HOUSEHOLD,WI_1,WI
HOUSEHOLD_2_266,HOUSEHOLD_2,HOUSEHOLD,WI_2,WI
HOUSEHOLD_2_266,HOUSEHOLD_2,HOUSEHOLD,WI_3,WI
HOUSEHOLD_2_295,HOUSEHOLD_2,HOUSEHOLD,CA_1,CA
HOUSEHOLD_2_295,HOUSEHOLD_2,HOUSEHOLD,CA_2,CA
HOUSEHOLD_2_295,HOUSEHOLD_2,HOUSEHOLD,CA_3,CA
HOUSEHOLD_2_295,HOUSEHOLD_2,HOUSEHOLD,CA_4,CA
HOUSEHOLD_2_295,HOUSEHOLD_2,HOUSEHOLD,TX_1,TX
HOUSEHOLD_2_295,HOUSEHOLD_2,HOUSEHOLD,TX_2,TX
HOUSEHOLD_2_295,HOUSEHOLD_2,HOUSEHOLD,TX_3,TX
HOUSEHOLD_2_295,HOUSEHOLD_2,HOUSEHOLD,WI_1,WI
HOUSEHOLD_2_295,HOUSEHOLD_2,HOUSEHOLD,WI_2,WI
HOUSEHOLD_2_295,HOUSEHOLD_2,HOUSEHOLD,WI_3,WI
HOUSEHOLD_2_315,HOUSEHOLD_2,HOUSEHOLD,CA_1,CA
HOUSEHOLD_2_315,HOUSEHOLD_2,HOUSEHOLD,CA_2,CA
HOUSEHOLD_2_315,HOUSEHOLD_2,HOUSEHOLD,CA_3,CA
HOUSEHOLD_2_315,HOUSEHOLD_2,HOUSEHOLD,CA_4,CA
HOUSEHOLD_2_315,HOUSEHOLD_2,HOUSEHOLD,TX_1,TX
HOUSEHOLD_2_315,HOUSEHOLD_2,HOUSEHOLD,TX_2,TX
HOUSEHOLD_2_315,HOUSEHOLD_2,HOUSEHOLD,TX_3,TX
HOUSEHOLD_2_315,HOUSEHOLD_2,HOUSEHOLD,WI_1,WI
HOUSEHOLD_2_315,HOUSEHOLD_2,HOUSEHOLD,WI_2,WI
HOUSEHOLD_2_315,HOUSEHOLD_2,HOUSEHOLD,WI_3,WI
HOUSEHOLD_2_323,HOUSEHOLD_2,HOUSEHOLD,CA_1,CA
HOUSEHOLD_2_323,HOUSEHOLD_2,HOUSEHOLD,CA_2,CA
HOUSEHOLD_2_323,HOUSEHOLD_2,HOUSEHOLD,CA_3,CA
HOUSEHOLD_2_323,HOUSEHOLD_2,HOUSEHOLD,CA_4,CA
HOUSEHOLD_2_323,HOUSEHOLD_2,HOUSEHOLD,TX_1,TX
HOUSEHOLD_2_323,HOUSEHOLD_2,HOUSEHOLD,TX_2,TX
HOUSEHOLD_2_323,HOUSEHOLD_2,HOUSEHOLD,TX_3,TX
HOUSEHOLD_2_323,HOUSEHOLD_2,HOUSEHOLD,WI_1,WI
HOUSEHOLD_2_323,HOUSEHOLD_2,HOUSEHOLD,WI_2,WI
HOUSEHOLD_2_323,HOUSEHOLD_2,HOUSEHOLD,WI_3,WI
HOUSEHOLD_2_409,HOUSEHOLD_2,HOUSEHOLD,CA_1,CA
HOUSEHOLD_2_409,HOUSEHOLD_2,HOUSEHOLD,CA_2,CA
HOUSEHOLD_2_409,HOUSEHOLD_2,HOUSEHOLD,CA_3,CA
HOUSEHOLD_2_409,HOUSEHOLD_2,HOUSEHOLD,CA_4,CA
HOUSEHOLD_2_409,HOUSEHOLD_2,HOUSEHOLD,TX_1,TX
HOUSEHOLD_2_409,HOUSEHOLD_2,HOUSEHOLD,TX_2,TX
HOUSEHOLD_2_409,HOUSEHOLD_2,HOUSEHOLD,TX_3,TX
HOUSEHOLD_2_409,HOUSEHOLD_2,HOUSEHOLD,WI_1,WI
HOUSEHOLD_2_409,HOUSEHOLD_2,HOUSEHOLD,WI_2,WI
HOUSEHOLD_2_409,HOUSEHOLD_2,HOUSEHOLD,WI_3,WI
