store_id,item_id,category,state,history_days,history_start,history_end,recent_days,recent_start,recent_units,mean_daily_units,positive_days,positive_day_percent,zero_day_percent,mean_units_on_selling_days,selling_day_quantity_cv,days_per_selling_day,longest_zero_run_days,days_since_last_sale,complete_week_blocks,zero_week_percent,mean_weekly_units,weekly_quantity_cv,planning_group
WI_3,FOODS_3_514,FOODS,WI,597,2013-10-12,2015-05-31,180,2014-12-03,0.0,0.0,0,0.0,100.0,,,,180,180,25,100.0,0.0,,dormant
CA_2,HOBBIES_1_025,HOBBIES,CA,1367,2011-09-03,2015-05-31,180,2014-12-03,0.0,0.0,0,0.0,100.0,,,,180,180,25,100.0,0.0,,dormant
CA_1,HOBBIES_1_210,HOBBIES,CA,1199,2012-02-18,2015-05-31,180,2014-12-03,0.0,0.0,0,0.0,100.0,,,,180,180,25,100.0,0.0,,dormant
TX_1,FOODS_3_785,FOODS,TX,1584,2011-01-29,2015-05-31,180,2014-12-03,993.0,5.516666889190674,143,79.44444444444444,20.55555555555556,6.944056034088135,0.8110242486000061,1.2587412587412588,27,0,25,12.0,38.7599983215332,0.516629159450531,occasional
TX_2,FOODS_3_034,FOODS,TX,646,2013-08-24,2015-05-31,180,2014-12-03,413.0,2.2944445610046387,142,78.88888888888889,21.111111111111114,2.9084506034851074,0.6009576320648193,1.267605633802817,20,0,25,8.0,16.1200008392334,0.47222083806991577,occasional
TX_2,HOUSEHOLD_1_414,HOUSEHOLD,TX,1199,2012-02-18,2015-05-31,180,2014-12-03,835.0,4.638888835906982,142,78.88888888888889,21.111111111111114,5.880281925201416,0.769180178642273,1.267605633802817,6,0,25,0.0,32.880001068115234,0.6798690557479858,occasional
CA_1,HOBBIES_1_113,HOBBIES,CA,730,2013-06-01,2015-05-31,180,2014-12-03,40.0,0.2222222238779068,35,19.444444444444446,80.55555555555556,1.1428571939468384,0.3061861991882324,5.142857142857143,17,7,25,20.0,1.600000023841858,0.75,rare
CA_3,HOUSEHOLD_1_104,HOUSEHOLD,CA,688,2013-07-13,2015-05-31,180,2014-12-03,45.0,0.25,35,19.444444444444446,80.55555555555556,1.2857142686843872,0.3975231945514679,5.142857142857143,20,20,25,28.000000000000004,1.6799999475479126,0.9178255796432495,rare
WI_2,HOUSEHOLD_1_104,HOUSEHOLD,WI,674,2013-07-27,2015-05-31,180,2014-12-03,41.0,0.22777777910232544,35,19.444444444444446,80.55555555555556,1.1714285612106323,0.4779491722583771,5.142857142857143,22,13,25,20.0,1.559999942779541,0.6803332567214966,rare
CA_1,FOODS_3_477,FOODS,CA,1584,2011-01-29,2015-05-31,180,2014-12-03,1250.0,6.94444465637207,178,98.88888888888889,1.1111111111111072,7.022471904754639,0.4642482101917267,1.0112359550561798,1,0,25,0.0,48.560001373291016,0.16972295939922333,regular
TX_3,HOUSEHOLD_1_414,HOUSEHOLD,TX,1185,2012-03-03,2015-05-31,180,2014-12-03,2016.0,11.199999809265137,178,98.88888888888889,1.1111111111111072,11.32584285736084,0.587804913520813,1.0112359550561798,1,0,25,0.0,79.87999725341797,0.3706965744495392,regular
CA_3,FOODS_3_477,FOODS,CA,1584,2011-01-29,2015-05-31,180,2014-12-03,767.0,4.261111259460449,176,97.77777777777777,2.2222222222222254,4.357954502105713,0.475089967250824,1.0227272727272727,1,0,25,0.0,29.399999618530273,0.1853039264678955,regular
