fold,store,horizon,pattern,method,MAE_total_units,WAPE_percent,bias_percent,windows,rows,products,actual_units,absolute_error_units,zero_actual_windows,zero_total_products,median_product_WAPE_percent,positive_total_products,predicted_units_on_zero_actual_windows
spring,CA_1,7,dormant,croston_sba,1.829258321729584,,,8,8,1,0.0,14.634066573836671,8,1,,0,14.634066573836671
spring,CA_1,7,dormant,direct_general,0.23331100237555802,,,8,8,1,0.0,1.8664880190044641,8,1,,0,1.8664880190044641
spring,CA_1,7,dormant,direct_personalized,0.3165406403131783,,,8,8,1,0.0,2.5323251225054264,8,1,,0,2.5323251225054264
spring,CA_1,7,dormant,mean_28,0.0,,,8,8,1,0.0,0.0,8,1,,0,0.0
spring,CA_1,7,dormant,mean_7,0.0,,,8,8,1,0.0,0.0,8,1,,0,0.0
spring,CA_1,7,dormant,tsb,3.631692802800192e-20,,,8,8,1,0.0,2.905354242240154e-19,8,1,,0,2.905354242240154e-19
spring,CA_1,7,occasional,croston_sba,4.733289087504475,57.464211849144846,6.335137268408036,8,287,38,2364.0,1358.4539681137842,47,3,50.067745538472735,35,397.1378694809707
spring,CA_1,7,occasional,direct_general,3.32787222313964,40.40183282745671,-6.223558840797284,8,287,38,2364.0,955.0993280410767,47,3,46.39336065347515,35,71.01584889926016
spring,CA_1,7,occasional,direct_personalized,3.2621959314619935,39.60449375336684,-3.935712708677159,8,287,38,2364.0,936.2502323295921,47,3,45.217903940515086,35,71.81028875894845
spring,CA_1,7,occasional,mean_28,3.6541811728830536,44.363367031194436,-7.307529984303638,8,287,38,2364.0,1048.7499966174364,47,3,50.986841046496444,35,62.750000823289156
spring,CA_1,7,occasional,mean_7,3.874564511487293,47.03891771560292,-0.5922159195803541,8,287,38,2364.0,1112.000014796853,47,3,59.21052780590559,35,23.000000923871994
spring,CA_1,7,occasional,tsb,3.4961248346145952,42.444493550524065,-3.846379550796955,8,287,38,2364.0,1003.3878275343889,47,3,49.70921382318372,35,50.02132618002519
spring,CA_1,7,rare,croston_sba,1.6135328147176917,108.30562728926972,-0.8485806208617136,8,98,14,146.0,158.12621584233378,42,2,89.0381101116908,12,71.81289201042293
spring,CA_1,7,rare,direct_general,1.309771405494943,87.91616283459206,3.447882866818611,8,98,14,146.0,128.3575977385044,42,2,88.4850164844344,12,51.68649319559336
spring,CA_1,7,rare,direct_personalized,1.323468160948583,88.83553409106928,7.25987186680918,8,98,14,146.0,129.69987977296114,42,2,89.68335362461707,12,53.92409751564264
spring,CA_1,7,rare,mean_28,1.22193877798106,82.02054811105745,-10.787670138253741,8,98,14,146.0,119.75000024214387,42,2,84.16666818575726,12,40.75000072643161
spring,CA_1,7,rare,mean_7,1.418367357582462,95.20548016649403,-8.904107159947696,8,98,14,146.0,139.00000104308128,42,2,96.15384609016598,12,36.00000108778477
spring,CA_1,7,rare,tsb,1.220792554205453,81.94360980283177,-9.608116084114023,8,98,14,146.0,119.63767031213439,42,2,101.71693607473254,12,40.616529563633584
spring,CA_1,7,regular,croston_sba,30.18644420835679,62.01323859900997,19.215901425927466,8,31,5,1509.0,935.7797704590605,3,0,37.869439899266,5,368.80251986160516
spring,CA_1,7,regular,direct_general,22.87186291705697,46.986597112575616,-2.3785783430947793,8,31,5,1509.0,709.027750428766,3,0,38.255672220027805,5,81.80349774286151
spring,CA_1,7,regular,direct_personalized,26.557508880572936,54.5581693371611,11.857032480620642,8,31,5,1509.0,823.282775297761,3,0,48.694158946022846,5,94.03775312006474
spring,CA_1,7,regular,mean_28,28.782258001066023,59.12856183121582,4.19151800764247,8,31,5,1509.0,892.2499980330467,3,0,35.4477619057271,5,203.99999952316284
spring,CA_1,7,regular,mean_7,23.032258210643644,47.31610367991736,-1.7229956613620265,8,31,5,1509.0,714.000004529953,3,0,54.54545360622984,5,17.00000023841858
spring,CA_1,7,regular,tsb,25.665207657788454,52.72507868730565,0.368278289446957,8,31,5,1509.0,795.6214373914421,3,0,39.87582781216714,5,117.39622548676357
spring,CA_1,28,dormant,croston_sba,7.317033286918336,,,2,2,1,0.0,14.634066573836671,2,1,,0,14.634066573836671
spring,CA_1,28,dormant,direct_general,0.8495230004191399,,,2,2,1,0.0,1.6990460008382797,2,1,,0,1.6990460008382797
spring,CA_1,28,dormant,direct_personalized,0.6933076530694962,,,2,2,1,0.0,1.3866153061389923,2,1,,0,1.3866153061389923
spring,CA_1,28,dormant,mean_28,0.0,,,2,2,1,0.0,0.0,2,1,,0,0.0
spring,CA_1,28,dormant,mean_7,0.0,,,2,2,1,0.0,0.0,2,1,,0,0.0
spring,CA_1,28,dormant,tsb,3.1988771057116385e-19,,,2,2,1,0.0,6.397754211423277e-19,2,1,,0,6.397754211423277e-19
spring,CA_1,28,occasional,croston_sba,17.220088663831763,51.476923524149,2.4961449196357197,2,73,38,2442.0,1257.0664724597186,6,2,31.718250485867777,36,225.55477261963557
spring,CA_1,28,occasional,direct_general,12.23792097737936,36.58346565719465,-10.48778655933465,2,73,38,2442.0,893.3682313486934,6,2,30.304435815327984,36,31.469735018908978
spring,CA_1,28,occasional,direct_personalized,12.125582168975921,36.24764530447347,-8.209118312323904,2,73,38,2442.0,885.1674983352423,6,2,30.40317325496991,36,36.30226410925388
spring,CA_1,28,occasional,mean_28,13.808219168284168,41.27764124835153,-10.401310923644306,2,73,38,2442.0,1007.9999992847443,6,2,42.32409392147939,36,12.000000327825546
spring,CA_1,28,occasional,mean_7,15.753424717138891,47.09254727072641,-5.159705669835006,2,73,38,2442.0,1150.000004351139,6,2,54.7008559311557,36,0.0
spring,CA_1,28,occasional,tsb,13.724184822495001,41.02643292555836,-11.167616186906722,2,73,38,2442.0,1001.8654920421351,6,2,40.387286083634805,36,8.514798338924594
spring,CA_1,28,rare,croston_sba,4.298000156048609,62.139761292269036,-25.099470989354167,2,24,13,166.0,103.15200374516661,4,1,34.249793331228155,12,26.897494414193133
spring,CA_1,28,rare,direct_general,4.014657762522499,58.04324475936143,-0.017183902392906583,2,24,13,166.0,96.35178630053997,4,1,39.13081971307595,12,34.152421832084656
spring,CA_1,28,rare,direct_personalized,4.025718341891964,58.20315675024526,8.066389242927713,2,24,13,166.0,96.61724020540714,4,1,41.36953368302315,12,37.224355056881905
spring,CA_1,28,rare,mean_28,3.750000039115548,54.21686803540552,-9.638552628008716,2,24,13,166.0,90.00000093877316,4,1,31.129032407076128,12,26.00000074505806
spring,CA_1,28,rare,mean_7,5.833333343267441,84.33734954121601,-32.53011847116861,2,24,13,166.0,140.00000023841858,4,1,76.2820503459527,12,20.00000089406967
spring,CA_1,28,rare,tsb,3.8999675527870807,56.38507305234334,-17.401499284422957,2,24,13,166.0,93.59922126688994,4,1,43.54049268257884,12,24.64348265999087
spring,CA_1,28,regular,croston_sba,61.152211664124174,30.33773789148612,29.88799547899855,2,7,4,1411.0,428.0654816488692,0,0,21.825302831541514,4,0.0
spring,CA_1,28,regular,direct_general,79.16782130088124,39.27531885940246,2.594006688860103,2,7,4,1411.0,554.1747491061687,0,0,21.81744236770338,4,0.0
spring,CA_1,28,regular,direct_personalized,105.15044120805604,52.16534999690945,18.49521302864283,2,7,4,1411.0,736.0530884563923,0,0,33.51219920134015,4,0.0
spring,CA_1,28,regular,mean_28,64.00000190734863,31.750532484155947,17.71793095124351,2,7,4,1411.0,448.00001335144043,0,0,26.429214969257167,4,0.0
spring,CA_1,28,regular,mean_7,124.1428575515747,61.587526779661445,9.709426141815943,2,7,4,1411.0,869.000002861023,0,0,44.97512451182227,4,0.0
spring,CA_1,28,regular,tsb,86.49695765468013,42.91131846794903,9.682609053864509,2,7,4,1411.0,605.4787035827609,0,0,29.539780553580542,4,0.0
spring,TX_1,7,dormant,croston_sba,0.2908695176335242,174.52171058011453,11.78256587017177,6,6,1,1.0,1.7452171058011452,5,0,174.52171058011453,1,0.9315213822514314
spring,TX_1,7,dormant,direct_general,0.4252569541955988,255.15417251735926,130.70610407739878,6,6,1,1.0,2.5515417251735926,5,0,255.15417251735926,1,1.9293013829737902
spring,TX_1,7,dormant,direct_personalized,0.40888565111284453,245.33139066770673,96.41670333221555,6,6,1,1.0,2.4533139066770673,5,0,245.33139066770673,1,1.7087404699996114
spring,TX_1,7,dormant,mean_28,0.16666666666666666,100.0,-100.0,6,6,1,1.0,1.0,5,0,100.0,1,0.0
spring,TX_1,7,dormant,mean_7,0.16666666666666666,100.0,-100.0,6,6,1,1.0,1.0,5,0,100.0,1,0.0
spring,TX_1,7,dormant,tsb,0.16666666783053263,100.00000069831958,-99.99999928271941,6,6,1,1.0,1.0000000069831958,5,0,100.00000069831958,1,7.07800075915531e-09
spring,TX_1,7,occasional,croston_sba,3.512192876727931,51.08258800793188,9.35593179103801,8,241,33,1657.0,846.4384832914313,54,2,52.696056151939025,31,253.09664647867274
spring,TX_1,7,occasional,direct_general,2.971251094597875,43.21493746518333,2.6067304542410716,8,241,33,1657.0,716.0715137980878,54,2,53.91017895824504,31,105.53901524841785
spring,TX_1,7,occasional,direct_personalized,2.965968758632966,43.13810928367802,0.6727552632691635,8,241,33,1657.0,714.7984708305448,54,2,52.625535903396184,31,101.48507811501622
spring,TX_1,7,occasional,mean_28,2.991701261971254,43.51237200573761,2.232951062968069,8,241,33,1657.0,721.0000041350722,54,2,56.24999916180968,31,89.24999989569187
spring,TX_1,7,occasional,mean_7,3.4896265699903006,50.75437558042622,0.3017506814535368,8,241,33,1657.0,841.0000033676624,54,2,73.33333363135655,31,79.00000196695328
spring,TX_1,7,occasional,tsb,3.0084986679192514,43.756679479091105,3.2425268140408545,8,241,33,1657.0,725.0481789685396,54,2,54.41999881304521,31,90.06729344880884
spring,TX_1,7,rare,croston_sba,1.2197835791180247,79.09099006153403,-31.098889865547154,8,142,21,219.0,173.20926823475952,56,3,74.91700249116785,18,47.10077833482167
spring,TX_1,7,rare,direct_general,1.153094400048361,74.76685150998505,0.9592606469172325,8,142,21,219.0,163.73940480686724,56,3,68.71741748365918,18,54.013609213754535
spring,TX_1,7,rare,direct_personalized,1.1324060408031227,73.42541451782805,-3.5066635224576954,8,142,21,219.0,160.80165779404342,56,3,69.36875126774659,18,49.06867780163884
spring,TX_1,7,rare,mean_28,1.1179577469773276,72.48858450720572,-16.09588968461235,8,142,21,219.0,158.75000007078052,56,3,79.41919147704888,18,35.50000062212348
spring,TX_1,7,rare,mean_7,1.1478873437768977,74.42922503028286,-11.415522440111257,8,142,21,219.0,163.00000281631947,56,3,84.96240781886237,18,23.000001028180122
spring,TX_1,7,rare,tsb,1.0601395651452008,68.73964303681211,-14.95681274592596,8,142,21,219.0,150.5398182506185,56,3,74.04423646744905,18,28.160440466365237
spring,TX_1,7,regular,croston_sba,16.33753243382739,49.80955010313229,15.897392619213312,8,35,6,1148.0,571.8136351839587,3,0,35.764174750407385,6,147.89897537825038
spring,TX_1,7,regular,direct_general,13.136229908466339,40.049481428251035,5.754308046883408,8,35,6,1148.0,459.76804679632187,3,0,30.77663330593107,6,30.7698197811842
spring,TX_1,7,regular,direct_personalized,13.440495201519557,40.97711951682792,5.104727427822373,8,35,6,1148.0,470.4173320531845,3,0,31.56193395285574,6,33.91517214477062
spring,TX_1,7,regular,mean_28,15.22142858845847,46.40679447700753,11.215156970954522,8,35,6,1148.0,532.7500005960464,3,0,30.728794401743876,6,68.49999821186066
spring,TX_1,7,regular,mean_7,16.171428533962796,49.30313577427681,0.5226487793573557,8,35,6,1148.0,565.9999986886978,3,0,45.68950303252876,6,7.0
spring,TX_1,7,regular,tsb,14.899206768740207,45.42441088030551,8.212710307828617,8,35,6,1148.0,521.4722369059073,3,0,34.64905951052957,6,47.54019702326402
spring,TX_1,28,dormant,croston_sba,0.2547828941988546,25.478289419885456,-25.478289419885456,1,1,1,1.0,0.2547828941988546,0,0,25.478289419885456,1,0.0
spring,TX_1,28,dormant,direct_general,2.9864484667778015,298.64484667778015,298.64484667778015,1,1,1,1.0,2.9864484667778015,0,0,298.64484667778015,1,0.0
spring,TX_1,28,dormant,direct_personalized,1.9611327350139618,196.11327350139618,196.11327350139618,1,1,1,1.0,1.9611327350139618,0,0,196.11327350139618,1,0.0
spring,TX_1,28,dormant,mean_28,1.0,100.0,-100.0,1,1,1,1.0,1.0,0,0,100.0,1,0.0
spring,TX_1,28,dormant,mean_7,1.0,100.0,-100.0,1,1,1,1.0,1.0,0,0,100.0,1,0.0
spring,TX_1,28,dormant,tsb,0.9999999983423373,99.99999983423373,-99.99999983423373,1,1,1,1.0,0.9999999983423373,0,0,99.99999983423373,1,0.0
spring,TX_1,28,occasional,croston_sba,10.903824862861443,35.43597851009845,7.418213756232857,2,61,32,1877.0,665.133316634548,4,1,35.81035035934809,31,122.98804659533343
spring,TX_1,28,occasional,direct_general,9.8414955586195,31.983549764293524,0.45046738934885266,2,61,32,1877.0,600.3312290757895,4,1,34.55842249798324,31,23.283828929066658
spring,TX_1,28,occasional,direct_personalized,9.623995431378239,31.276703319876006,-1.626089971847971,2,61,32,1877.0,587.0637213140726,4,1,37.6224167399354,31,18.49223506450653
spring,TX_1,28,occasional,mean_28,9.540983656390768,31.00692610760985,2.9834841468833404,2,61,32,1877.0,582.0000030398369,4,1,36.36363636363637,31,2.000000089406967
spring,TX_1,28,occasional,mean_7,13.655737637496385,44.379328496924856,-10.069259237468275,2,61,32,1877.0,832.9999958872795,4,1,52.06611491431873,31,0.0
spring,TX_1,28,occasional,tsb,10.028749673956527,32.59210069852681,-0.16515525063258082,2,61,32,1877.0,611.7537301113482,4,1,35.50684779113858,31,5.382940838857932
spring,TX_1,28,rare,croston_sba,3.8997456876519903,62.67448426583555,-37.09221458129552,2,36,19,224.0,140.39084475547165,7,3,49.0032740374926,16,20.479773754974865
spring,TX_1,28,rare,direct_general,3.743306537055307,60.160283631246,-0.6983294949999873,2,36,19,224.0,134.75903533399105,7,3,36.9433529429922,16,42.10549270361662
spring,TX_1,28,rare,direct_personalized,3.6099640298634768,58.01727905137731,-10.662298493220339,2,36,19,224.0,129.95870507508516,7,3,41.260641122138814,16,34.27991862595081
spring,TX_1,28,rare,mean_28,3.999999992135498,64.2857141593205,-19.64285639114678,2,36,19,224.0,143.99999971687794,7,3,66.02870716432635,16,24.99999965727329
spring,TX_1,28,rare,mean_7,4.333333376381132,69.64285783469677,-21.42856903374195,2,36,19,224.0,156.00000154972076,7,3,73.68421131058744,16,16.000000715255737
spring,TX_1,28,rare,tsb,3.6339588313930156,58.4029097902449,-24.50189542163002,2,36,19,224.0,130.82251793014856,7,3,53.35360323247901,16,20.4432439892635
spring,TX_1,28,regular,croston_sba,56.60360829184246,49.06054889867169,32.13015317974348,2,8,5,923.0,452.8288663347397,0,0,20.829104308552385,5,0.0
spring,TX_1,28,regular,direct_general,41.00579126179218,35.54131420307015,23.63148959977139,2,8,5,923.0,328.04633009433746,0,0,28.703053805926086,5,0.0
spring,TX_1,28,regular,direct_personalized,43.25254061818123,37.488659257361846,21.07395778368767,2,8,5,923.0,346.02032494544983,0,0,28.740841987198348,5,0.0
spring,TX_1,28,regular,mean_28,37.49999988079071,32.50270845572326,31.202599493421427,2,8,5,923.0,299.9999990463257,0,0,30.47945270799612,5,0.0
spring,TX_1,28,regular,mean_7,49.87500083446503,43.228603106795255,-3.3586122878581963,2,8,5,923.0,399.0000066757202,0,0,36.11111144224802,5,0.0
spring,TX_1,28,regular,tsb,45.47441148148739,39.41444115405191,22.57020360750965,2,8,5,923.0,363.7952918518991,0,0,16.211520302807273,5,0.0
spring,WI_1,7,occasional,croston_sba,4.358602043297596,59.48518593963603,11.039238838176491,8,272,36,1993.0,1185.539755776946,45,1,53.23137683640263,35,382.2029168227618
spring,WI_1,7,occasional,direct_general,3.2197365439223016,43.94221474896468,-1.5708374965149017,8,272,36,1993.0,875.768339946866,45,1,53.20773201458382,35,85.85610818862915
spring,WI_1,7,occasional,direct_personalized,3.225054115125471,44.01478772273598,-1.5664352936790746,8,272,36,1993.0,877.2147193141282,45,1,50.800808586857535,35,82.07679593935609
spring,WI_1,7,occasional,mean_28,3.372242661946289,46.023582742066765,-1.1665830632594136,8,272,36,1993.0,917.2500040493906,45,1,54.41176382934346,35,94.00000057742
spring,WI_1,7,occasional,mean_7,3.9411764773814117,53.78825899888329,-2.4084292699868395,8,272,36,1993.0,1072.000001847744,45,1,57.77777840693792,35,44.000000923871994
spring,WI_1,7,occasional,tsb,3.2563182332263207,44.441473127825354,-2.250895607904513,8,272,36,1993.0,885.7185594375593,45,1,55.18957770833548,35,70.30712980926845
spring,WI_1,7,rare,croston_sba,1.0574717132094684,89.31348929134023,-14.100485272681116,8,125,17,148.0,132.18396415118355,58,1,87.84303954968911,16,50.196500658565924
spring,WI_1,7,rare,direct_general,1.084263956859708,91.5763477077456,18.49461250586083,8,125,17,148.0,135.53299460746348,58,1,99.53796887149414,16,63.79653266817331
spring,WI_1,7,rare,direct_personalized,1.1154261631667615,94.2082908080035,19.07694646585229,8,125,17,148.0,139.42827039584517,58,1,97.6923813443217,16,66.03807531297207
spring,WI_1,7,rare,mean_28,1.0080000066459178,85.13513569644577,1.210719347000122e-06,8,125,17,148.0,126.00000083073974,58,1,98.61111131807169,16,48.00000078976154
spring,WI_1,7,rare,mean_7,1.1360000207424163,95.94594769783922,-1.3513482100254781,8,125,17,148.0,142.00000259280205,58,1,115.00000111758709,16,43.00000160932541
spring,WI_1,7,rare,tsb,1.0256932239075904,86.62949526246541,-3.340408203582278,8,125,17,148.0,128.2116529884488,58,1,104.47723753356075,16,47.52746189424253
spring,WI_1,7,regular,croston_sba,22.777291962452686,56.111941878304975,23.33279771746465,8,27,4,1096.0,614.9868829862226,3,0,43.568574066978705,4,285.0763410139717
spring,WI_1,7,regular,direct_general,16.870943807065487,41.56163164149344,-1.230424856699077,8,27,4,1096.0,455.51548279076815,3,0,45.0601542181105,4,65.24707218259573
spring,WI_1,7,regular,direct_personalized,16.279640784694088,40.104954487841276,-2.2687326362152618,8,27,4,1096.0,439.5503011867404,3,0,44.10661155675497,4,59.836084954440594
spring,WI_1,7,regular,mean_28,22.472222415385424,55.36040193571226,6.500912541999434,8,27,4,1096.0,606.7500052154064,3,0,48.0847191736257,4,162.0000011920929
spring,WI_1,7,regular,mean_7,15.962962821677879,39.32481717019186,-1.0036497873111403,8,27,4,1096.0,430.99999618530273,3,0,41.21881497191292,4,12.999999642372131
spring,WI_1,7,regular,tsb,17.91350619578167,44.129987891067984,3.222453633720779,8,27,4,1096.0,483.6646672861051,3,0,41.92807168295259,4,90.7447335858176
spring,WI_1,28,occasional,croston_sba,14.091607467740756,46.500282892114406,8.655348107897002,2,69,35,2091.0,972.3209152741122,5,1,32.29373840534802,34,154.55688023158984
spring,WI_1,28,occasional,direct_general,11.700054347731065,38.60850071704655,2.9346829072702794,2,69,35,2091.0,807.3037499934435,5,1,35.886222083403275,34,31.293394789099693
spring,WI_1,28,occasional,direct_personalized,11.741490336647932,38.74523353556707,5.5397985163685926,2,69,35,2091.0,810.1628332287073,5,1,35.26861997479227,34,40.85105200111866
spring,WI_1,28,occasional,mean_28,12.594202779989311,41.55906225821437,3.5868005503711946,2,69,35,2091.0,868.9999918192625,5,1,37.40093314008558,34,15.000000044703484
spring,WI_1,28,occasional,mean_7,15.579710106054941,51.41080809745533,-4.351984471125444,2,69,35,2091.0,1074.999997317791,5,1,53.155556260214915,34,0.0
spring,WI_1,28,occasional,tsb,11.595752173153386,38.264318505384196,0.7280299320188304,2,69,35,2091.0,800.1068999475837,5,1,37.653815527751,34,8.933042011455505
spring,WI_1,28,rare,croston_sba,2.828146671495585,56.93022520543061,-18.647947093849783,2,31,16,154.0,87.67254681636314,6,0,58.03119993137106,16,19.55128593250146
spring,WI_1,28,rare,direct_general,3.0602694547945455,61.60282668742266,20.25003446774049,2,31,16,154.0,94.8683530986309,6,0,51.66668831624768,16,25.360616475343704
spring,WI_1,28,rare,direct_personalized,3.2134247842815613,64.68582357969377,23.554099665640237,2,31,16,154.0,99.6161683127284,6,0,51.63353355770762,16,24.568055972456932
spring,WI_1,28,rare,mean_28,3.225806434308329,64.9350645867261,1.2191859158602627e-06,2,31,16,154.0,99.9999994635582,6,0,64.58333351959786,16,20.0000002682209
spring,WI_1,28,rare,mean_7,3.419354946382584,68.83117099861046,-11.688308824192392,2,31,16,154.0,106.00000333786011,6,0,100.0,16,16.000000715255737
spring,WI_1,28,rare,tsb,2.8894486191899658,58.164225451226585,-5.143165364750665,2,31,16,154.0,89.57290719488894,6,0,68.43068680140975,16,19.505688517500033
spring,WI_1,28,regular,croston_sba,73.21759464873118,44.284835473022895,24.919430661000177,2,6,3,992.0,439.3055678923871,0,0,32.186021075598035,3,0.0
spring,WI_1,28,regular,direct_general,47.242250829935074,28.573942034234925,-0.21859547423739872,2,6,3,992.0,283.45350497961044,0,0,32.8583655808423,3,0.0
spring,WI_1,28,regular,direct_personalized,42.77154799302419,25.869887899006567,-2.5823673053133884,2,6,3,992.0,256.62928795814514,0,0,33.213753281412885,3,0.0
spring,WI_1,28,regular,mean_28,50.99999594688416,30.846771742067038,17.137094418848722,2,6,3,992.0,305.999975681305,0,0,29.189188415939732,3,0.0
spring,WI_1,28,regular,mean_7,73.00000023841858,44.1532259506564,-8.064515888690948,2,6,3,992.0,438.0000014305115,0,0,45.94594981219318,3,0.0
spring,WI_1,28,regular,tsb,48.45581715031455,29.30795392156122,1.7981278499018718,2,6,3,992.0,290.7349029018873,0,0,36.67043575134801,3,0.0
summer,CA_1,7,dormant,croston_sba,1.8292583217295837,,,13,13,1,0.0,23.780358182484587,13,1,,0,23.780358182484587
summer,CA_1,7,dormant,direct_general,0.23428956018044397,,,13,13,1,0.0,3.045764282345772,13,1,,0,3.045764282345772
summer,CA_1,7,dormant,direct_personalized,0.23155659594788,,,13,13,1,0.0,3.01023574732244,13,1,,0,3.01023574732244
summer,CA_1,7,dormant,mean_28,0.0,,,13,13,1,0.0,0.0,13,1,,0,0.0
summer,CA_1,7,dormant,mean_7,0.0,,,13,13,1,0.0,0.0,13,1,,0,0.0
summer,CA_1,7,dormant,tsb,3.624183449850738e-23,,,13,13,1,0.0,4.711438484805959e-22,13,1,,0,4.711438484805959e-22
summer,CA_1,7,occasional,croston_sba,5.291754643554181,63.84795797676279,15.777592786231779,13,427,39,3539.0,2259.579232797635,68,2,53.26318685207141,37,935.9628412652665
summer,CA_1,7,occasional,direct_general,3.693886927147974,44.56879677570458,0.8818172329447808,13,427,39,3539.0,1577.2897178921849,68,2,49.38118096871592,37,213.3941415194422
summer,CA_1,7,occasional,direct_personalized,4.118738548572784,49.694867483486256,9.619069844273799,13,427,39,3539.0,1758.7013602405787,68,2,49.810033453157146,37,275.8760086931288
summer,CA_1,7,occasional,mean_28,4.336651079836509,52.32410316728424,-3.9064707501345888,13,427,39,3539.0,1851.7500110901892,68,2,55.92105329820984,37,301.50000036135316
summer,CA_1,7,occasional,mean_7,4.360655754839509,52.613732899589436,-1.2432883636498033,13,427,39,3539.0,1862.0000073164701,68,2,66.17646964595599,37,84.00000187754631
summer,CA_1,7,occasional,tsb,3.9220253058747545,47.32141298696016,-1.7131188958881918,13,427,39,3539.0,1674.7048056085202,68,2,54.065601694018085,37,201.86750150395144
summer,CA_1,7,rare,croston_sba,1.9797707336066983,114.82670254918848,5.802231382004795,13,174,17,300.0,344.4801076475655,79,2,90.31576928297454,15,169.89467298527669
summer,CA_1,7,rare,direct_general,1.5249147810919703,88.44505730333428,17.090266787136596,13,174,17,300.0,265.3351719100028,79,2,94.72157192416489,15,93.16472615487874
summer,CA_1,7,rare,direct_personalized,1.5718434380859823,91.16691940898697,21.83905741944909,13,174,17,300.0,273.5007582269609,79,2,96.83949848636985,15,96.94487541913986
summer,CA_1,7,rare,mean_28,1.4195402346166044,82.33333360776305,-13.999999345590671,13,174,17,300.0,247.00000082328916,79,2,85.99999949336052,15,68.25000078231096
summer,CA_1,7,rare,mean_7,1.4195402484686894,82.333334411184,-12.333331222335497,13,174,17,300.0,247.00000323355198,79,2,92.00000083446503,15,64.00000233948231
summer,CA_1,7,rare,tsb,1.3887651023688,80.5483759373904,-14.901655242606342,13,174,17,300.0,241.64512781217118,79,2,93.05372467084169,15,61.52284940472592
summer,CA_1,7,regular,croston_sba,16.726904304804886,38.061827149889766,5.07347131947968,13,75,7,3296.0,1254.5178228603666,1,0,36.12062938178434,7,157.34088623044806
summer,CA_1,7,regular,direct_general,15.176083151797453,34.53295620099542,2.9136584409358868,13,75,7,3296.0,1138.206236384809,1,0,37.93456067438839,7,63.09059216827154
summer,CA_1,7,regular,direct_personalized,15.16261845767498,34.50231748560751,10.01421110478492,13,75,7,3296.0,1137.1963843256235,1,0,36.524722830676204,7,73.60380886495113
summer,CA_1,7,regular,mean_28,16.199999945958456,36.86286395469916,9.632888378448857,13,75,7,3296.0,1214.9999959468842,1,0,38.53741580937184,7,136.2499942779541
summer,CA_1,7,regular,mean_7,16.066666767994562,36.55946624998763,6.098300349690671,13,75,7,3296.0,1205.0000075995922,1,0,38.07531416914952,7,12.999999642372131
summer,CA_1,7,regular,tsb,15.44810739235194,35.15194339885909,10.08657879690117,13,75,7,3296.0,1158.6080544263955,1,0,36.34887222232006,7,88.56731057564227
summer,CA_1,28,dormant,croston_sba,7.317033286918336,,,3,3,1,0.0,21.951099860755008,3,1,,0,21.951099860755008
summer,CA_1,28,dormant,direct_general,1.4472767934203148,,,3,3,1,0.0,4.341830380260944,3,1,,0,4.341830380260944
summer,CA_1,28,dormant,direct_personalized,0.16883350163698196,,,3,3,1,0.0,0.5065005049109459,3,1,,0,0.5065005049109459
summer,CA_1,28,dormant,mean_28,0.0,,,3,3,1,0.0,0.0,3,1,,0,0.0
summer,CA_1,28,dormant,mean_7,0.0,,,3,3,1,0.0,0.0,3,1,,0,0.0
summer,CA_1,28,dormant,tsb,3.4580259559328157e-22,,,3,3,1,0.0,1.0374077867798447e-21,3,1,,0,1.0374077867798447e-21
summer,CA_1,28,occasional,croston_sba,14.880459971642832,44.47963578480195,15.485675030454052,3,99,38,3312.0,1473.1655371926404,9,2,27.631098904476154,36,370.79515307112456
summer,CA_1,28,occasional,direct_general,13.9475596241954,41.69107496362756,-10.123363765662958,3,99,38,3312.0,1380.8084027953446,9,2,28.14403774141371,36,55.627533826977015
summer,CA_1,28,occasional,direct_personalized,13.461916762620511,40.23942510565914,-5.028367644076906,3,99,38,3312.0,1332.7297594994307,9,2,28.48067961012324,36,64.31456716358662
summer,CA_1,28,occasional,mean_28,13.87878797827947,41.485507543770154,-9.480675780956725,3,99,38,3312.0,1374.0000098496675,9,2,33.71212027557236,36,30.00000123679638
summer,CA_1,28,occasional,mean_7,18.40404060513082,55.012077895771476,-15.338163376574355,3,99,38,3312.0,1822.0000199079514,9,2,51.3713080577458,36,0.0
summer,CA_1,28,occasional,tsb,15.29967444185452,45.73272251641297,-10.961426881225913,3,99,38,3312.0,1514.6677697435975,9,2,33.880182653500036,36,20.652362939746396
summer,CA_1,28,rare,croston_sba,5.551288411186136,76.37678686531261,1.6439821277796411,3,41,16,298.0,227.60282485863158,7,2,53.6614620780842,14,88.60496467109155
summer,CA_1,28,rare,direct_general,5.0778159775385046,69.86256881848277,19.445723715244522,3,41,16,298.0,208.19045507907867,7,2,53.2908066486319,14,45.55927121639252
summer,CA_1,28,rare,direct_personalized,5.423017697454226,74.61198845490713,27.8953335416697,3,41,16,298.0,222.34372559562325,7,2,56.55835281605974,14,49.19518940150738
summer,CA_1,28,rare,mean_28,3.878048770311402,53.35570455797566,-17.11409357970193,3,41,16,298.0,158.9999995827675,7,2,51.28458261254276,14,2.000000089406967
summer,CA_1,28,rare,mean_7,6.829268368279061,93.9597325837052,-2.0134210986579024,3,41,16,298.0,280.0000030994415,7,2,86.74242511165863,14,0.0
summer,CA_1,28,rare,tsb,4.479608674493994,61.632199883977776,-16.707691340710355,3,41,16,298.0,183.66395565425375,7,2,60.25530205304861,14,2.821270196047308
summer,CA_1,28,regular,croston_sba,94.49944497350457,49.9997063351876,8.003722829111325,3,16,7,3024.0,1511.991119576073,0,0,32.94102842153284,7,0.0
summer,CA_1,28,regular,direct_general,86.3020990230143,45.662486255563124,6.295076207745646,3,16,7,3024.0,1380.833584368229,0,0,29.301503932837285,7,0.0
summer,CA_1,28,regular,direct_personalized,87.68890758603811,46.396247400020165,12.600760291966179,3,16,7,3024.0,1403.0225213766098,0,0,31.461803288930465,7,0.0
summer,CA_1,28,regular,mean_28,95.06250315904617,50.29762071907205,11.210317302633214,3,16,7,3024.0,1521.0000505447388,0,0,33.90558076348257,7,0.0
summer,CA_1,28,regular,mean_7,96.9999985396862,51.32275055009852,21.56084632432019,3,16,7,3024.0,1551.9999766349792,0,0,42.20314571615283,7,0.0
summer,CA_1,28,regular,tsb,88.23112726374305,46.68313611838257,17.02933341933121,3,16,7,3024.0,1411.6980362198888,0,0,35.91418591141673,7,0.0
summer,TX_1,7,occasional,croston_sba,4.32655681241115,55.74176455887766,-0.5170219556975965,13,403,36,3128.0,1743.6023954016935,57,2,48.27068072665873,34,395.34114128435147
summer,TX_1,7,occasional,direct_general,3.953681335246038,50.93777423606628,-0.1283377533435555,13,403,36,3128.0,1593.3335781041533,57,2,52.00592745497239,34,197.60717871412635
summer,TX_1,7,occasional,direct_personalized,3.9023537165982183,50.27648810067397,-0.4128623383996241,13,403,36,3128.0,1572.648547789082,57,2,53.42975755325622,34,177.35525046288967
summer,TX_1,7,occasional,mean_28,3.9807692306675477,51.286764704572306,-5.043158566226702,13,403,36,3128.0,1604.2499999590218,57,2,50.68815932869012,34,224.75000045076013
summer,TX_1,7,occasional,mean_7,4.682382145975127,60.326087110868805,-2.717390526895936,13,403,36,3128.0,1887.0000048279762,57,2,62.051282329506535,34,123.00000049173832
summer,TX_1,7,occasional,tsb,3.969202808265436,51.137747178100085,-2.245408114940377,13,403,36,3128.0,1599.5887317309707,57,2,50.43401151916384,34,175.37340245193215
summer,TX_1,7,rare,croston_sba,1.1431755302275008,112.44349477647549,14.196068911479067,13,240,23,244.0,274.3621272546002,129,1,111.82882687401522,22,145.57152165875715
summer,TX_1,7,rare,direct_general,1.0271376042626799,101.02992828813244,32.94768025029878,13,240,23,244.0,246.51302502304316,129,1,116.83491037692875,22,137.34849230200052
summer,TX_1,7,rare,direct_personalized,1.007179296024454,99.06681600240532,28.28052045365215,13,240,23,244.0,241.723031045869,129,1,113.96572816884145,22,132.0637604407966
summer,TX_1,7,rare,mean_28,0.9406250045945247,92.52049225519914,-5.020490453624334,13,240,23,244.0,225.75000110268593,129,1,115.62500011641532,22,86.50000136345625
summer,TX_1,7,rare,mean_7,1.0541666864727934,103.68852653830756,-1.229505149311706,13,240,23,244.0,253.00000475347042,129,1,100.0000018129746,22,89.00000303983688
summer,TX_1,7,rare,tsb,0.9479516015463811,93.24114113570963,-5.812663916971118,13,240,23,244.0,227.50838437113148,129,1,110.80738888857897,22,83.9250788909787
summer,TX_1,7,regular,croston_sba,10.371347069797482,21.89453718268399,-3.7358831666107397,13,46,5,2179.0,477.08196521068413,0,0,25.08589260952698,5,0.0
summer,TX_1,7,regular,direct_general,10.46681295659231,22.096071409052147,-3.114764795165479,13,46,5,2179.0,481.4733960032463,0,0,26.24670256365527,5,0.0
summer,TX_1,7,regular,direct_personalized,10.605783443412054,22.389446461539904,-6.415696145334939,13,46,5,2179.0,487.86603839695454,0,0,28.31954760122464,5,0.0
summer,TX_1,7,regular,mean_28,10.728260752947435,22.648003425221752,-0.6424964869334213,13,46,5,2179.0,493.49999463558197,0,0,24.662161732579136,5,0.0
summer,TX_1,7,regular,mean_7,13.000000117913537,27.443781800092825,3.396053314756068,13,46,5,2179.0,598.0000054240227,0,0,33.33333462208241,5,0.0
summer,TX_1,7,regular,tsb,10.665089704141087,22.51464554339101,2.071969313720081,13,46,5,2179.0,490.59412639049003,0,0,23.33171046835198,5,0.0
summer,TX_1,28,occasional,croston_sba,11.598203546677349,35.508643137914014,-9.36499802418075,3,92,35,3005.0,1067.034726294316,5,2,31.35803506828263,33,83.96607284085727
summer,TX_1,28,occasional,direct_general,13.589295378197795,41.60449832925781,-9.4299986011375,3,92,35,3005.0,1250.215174794197,5,2,34.7697377204895,33,37.396338015794754
summer,TX_1,28,occasional,direct_personalized,13.081392046226108,40.049519742189744,-11.106073897015833,3,92,35,3005.0,1203.488068252802,5,2,35.542137771844864,33,43.06679156422615
summer,TX_1,28,occasional,mean_28,13.434782455472842,41.131447118252964,-14.509151893328509,3,92,35,3005.0,1235.9999859035015,5,2,31.428572450365344,33,32.000000178813934
summer,TX_1,28,occasional,mean_7,16.163043541752774,49.48419320603179,-12.146421589589556,3,92,35,3005.0,1487.0000058412552,5,2,44.44444510671828,33,0.0
summer,TX_1,28,occasional,tsb,12.266940151564201,37.55602309297526,-12.88265042866519,3,92,35,3005.0,1128.5584939439066,5,2,39.42598555944651,33,9.554115851685857
summer,TX_1,28,rare,croston_sba,2.997824670919716,67.15127262860165,5.932275898601001,3,56,22,250.0,167.8781815715041,11,2,48.32200570719752,20,61.925130338831195
summer,TX_1,28,rare,direct_general,3.6305910547130873,81.32523962557316,64.2075751453638,3,56,22,250.0,203.3130990639329,11,2,81.04985306660335,20,73.94524165987968
summer,TX_1,28,rare,direct_personalized,3.1737296814098954,71.09154486358166,50.906501087546346,3,56,22,250.0,177.72886215895414,11,2,84.30543211953982,20,64.90920923650265
summer,TX_1,28,rare,mean_28,2.4642857518047094,55.20000084042549,-11.199998492002488,3,56,22,250.0,138.00000210106373,11,2,61.90476126614071,20,12.000000432133675
summer,TX_1,28,rare,mean_7,4.17857157013246,93.6000031709671,5.600003886222842,3,56,22,250.0,234.00000792741776,11,2,100.0000019868215,20,12.000000536441803
summer,TX_1,28,rare,tsb,2.66942930808447,59.79521650109212,-6.667449399198661,3,56,22,250.0,149.4880412527303,11,2,69.56313898003594,20,11.02177688618633
summer,TX_1,28,regular,croston_sba,45.69635936260104,26.808530826059275,-0.25030294686304994,3,11,5,1875.0,502.6599529886114,0,0,19.627645139791355,5,0.0
summer,TX_1,28,regular,direct_general,46.949887996370144,27.543934291203815,-0.5429189586639419,3,11,5,1875.0,516.4487679600716,0,0,18.18383163466877,5,0.0
summer,TX_1,28,regular,direct_personalized,55.15659350698645,32.35853485743205,-5.0911960029602055,3,11,5,1875.0,606.7225285768509,0,0,22.520031259729194,5,0.0
summer,TX_1,28,regular,mean_28,47.27272597226229,27.73333257039388,2.666667022705081,3,11,5,1875.0,519.9999856948853,0,0,18.918918182490874,5,0.0
summer,TX_1,28,regular,mean_7,49.363634456287734,28.959998881022134,12.0,3,11,5,1875.0,542.999979019165,0,0,21.235521235521244,5,0.0
summer,TX_1,28,regular,tsb,42.715535405660034,25.059780771320554,5.875332285662746,3,11,5,1875.0,469.8708894622604,0,0,18.24159855034233,5,0.0
summer,WI_1,7,occasional,croston_sba,4.73787053768977,64.93231873335225,14.335271477378635,13,445,37,3247.0,2108.3523892719477,60,2,48.51693072137279,35,769.7966063975963
summer,WI_1,7,occasional,direct_general,3.2475009865472826,44.50686599980107,1.8314113546177766,13,445,37,3247.0,1445.1379390135407,60,2,46.813415718429226,35,161.92660295590758
summer,WI_1,7,occasional,direct_personalized,3.251148891800575,44.55686038962907,2.4544426917222086,13,445,37,3247.0,1446.761256851256,60,2,48.10758984963828,35,148.77335531637073
summer,WI_1,7,occasional,mean_28,3.6533708005892427,50.06929492646175,-5.674468834798704,13,445,37,3247.0,1625.750006262213,60,2,52.499999545514584,35,197.99999975040555
summer,WI_1,7,occasional,mean_7,3.6988763966252294,50.69294722815606,-2.8949796882709586,13,445,37,3247.0,1645.9999964982271,60,2,48.14814795498495,35,70.00000156462193
summer,WI_1,7,occasional,tsb,3.394604182107826,46.52290917887227,-1.317021652209017,13,445,37,3247.0,1510.5988610379825,60,2,44.40245214140743,35,140.44029993716651
summer,WI_1,7,rare,croston_sba,1.07526439553408,116.34008213975291,17.30164420809464,13,198,17,183.0,212.9023503157478,101,3,91.66271001824995,14,116.62228155594326
summer,WI_1,7,rare,direct_general,0.9168759243976738,99.20296886925652,27.97670457715708,13,198,17,183.0,181.54143303073943,101,3,99.2698767584645,14,95.3745740186423
summer,WI_1,7,rare,direct_personalized,0.9105932177749999,98.5232006117213,26.320497128766416,13,198,17,183.0,180.29745711944997,101,3,97.4594239714659,14,93.70837700553238
summer,WI_1,7,rare,mean_28,0.7575757639727208,81.96721380688453,-8.743167713365919,13,198,17,183.0,150.0000012665987,101,3,92.36111180442903,14,53.250001311302185
summer,WI_1,7,rare,mean_7,0.9444444623559413,102.185794287692,-6.01092578609133,13,198,17,183.0,187.00000354647636,101,3,110.18518728238566,14,48.000001937150955
summer,WI_1,7,rare,tsb,0.826541605415428,89.42909173347253,-4.856162793269183,13,198,17,183.0,163.65523787225473,101,3,94.10242197186277,14,57.34618703430181
summer,WI_1,7,regular,croston_sba,12.231294796327093,31.033621656428366,3.1409611106341933,13,46,4,1813.0,562.6395606310463,1,0,23.84626438274227,4,86.9902025430645
summer,WI_1,7,regular,direct_general,11.359950329946434,28.82281936996889,3.216343983325652,13,46,4,1813.0,522.557715177536,1,0,25.084493010994997,4,44.13973808288574
summer,WI_1,7,regular,direct_personalized,11.350676597784394,28.799289768233987,0.786574745434658,13,46,4,1813.0,522.1311234980822,1,0,25.41588636340049,4,37.91862189769745
summer,WI_1,7,regular,mean_28,11.994565476541935,30.432984661937613,4.895201797190782,13,46,4,1813.0,551.750011920929,1,0,26.022739186198294,4,67.50000286102295
summer,WI_1,7,regular,mean_7,12.369565264038417,31.384445788514462,5.129619638892216,13,46,4,1813.0,569.0000021457672,1,0,28.070175195223307,4,14.0
summer,WI_1,7,regular,tsb,11.107020725128924,28.181078508324905,8.021658504365691,13,46,4,1813.0,510.92295335593053,1,0,24.231932237504857,4,48.9668545173014
summer,WI_1,28,occasional,croston_sba,12.934454698855285,45.36041404806888,20.298982185009518,3,101,36,2880.0,1306.3799245843838,7,1,29.616897534805954,35,413.6948146503274
summer,WI_1,28,occasional,direct_general,10.816937978167346,37.93440054843409,-4.5973983743331495,3,101,36,2880.0,1092.5107357949018,7,1,36.59316360950471,35,46.7762590944767
summer,WI_1,28,occasional,direct_personalized,11.04051783710423,38.71848269262247,-5.29065230447385,3,101,36,2880.0,1115.0923015475273,7,1,37.86478097949709,35,49.45032286643982
summer,WI_1,28,occasional,mean_28,10.643564326485786,37.3263887838564,-6.770833156899446,3,101,36,2880.0,1074.9999969750643,7,1,35.000001192092896,35,4.000000074505806
summer,WI_1,28,occasional,mean_7,15.94059399448999,55.90277755012115,-9.722221605479717,3,101,36,2880.0,1609.999993443489,7,1,50.00000325116244,35,0.0
summer,WI_1,28,occasional,tsb,11.547326184076356,40.495831409434444,-4.71045552736514,3,101,36,2880.0,1166.279944591712,7,1,34.18374941438447,35,13.198310383969531
summer,WI_1,28,rare,croston_sba,3.0607420866435024,78.6092229902976,10.397661814117667,3,47,17,183.0,143.85487807224462,9,3,54.68544774078112,14,57.47856475895236
summer,WI_1,28,rare,direct_general,3.2365354030056204,83.12413330123724,53.70311330739266,3,47,17,183.0,152.11716394126415,9,3,43.50403152583611,14,63.83067901432514
summer,WI_1,28,rare,direct_personalized,3.5213936304158353,90.44016427843948,55.92840555749956,3,47,17,183.0,165.50550062954426,9,3,52.0237086651226,14,71.2979032844305
summer,WI_1,28,rare,mean_28,2.0851064010503446,53.55191303244054,-10.928960160805229,3,47,17,183.0,98.00000084936619,9,3,56.25000035922442,14,1.0000000447034836
summer,WI_1,28,rare,mean_7,2.8723404610410648,73.77049271526232,-23.49726547960375,3,47,17,183.0,135.00000166893005,9,3,75.00000335276127,14,0.0
summer,WI_1,28,rare,tsb,2.104686151536048,54.05478094108976,-15.863443327163628,3,47,17,183.0,98.92024912219426,9,3,51.87086210329288,14,0.5591681344721545
summer,WI_1,28,regular,croston_sba,44.0005380418225,28.17263786146959,2.4318485710346973,3,11,4,1718.0,484.00591846004755,0,0,21.369227955056463,4,0.0
summer,WI_1,28,regular,direct_general,45.489575266838074,29.126037714506335,3.7669574909076977,3,11,4,1718.0,500.3853279352188,0,0,22.652099434096737,4,0.0
summer,WI_1,28,regular,direct_personalized,44.394146344878465,28.42465714747748,-1.3352927700882071,3,11,4,1718.0,488.3356097936631,0,0,23.923767620103824,4,0.0
summer,WI_1,28,regular,mean_28,52.636362595991656,33.70197837927289,4.947612615902852,3,11,4,1718.0,578.9999885559082,0,0,24.457383980922316,4,0.0
summer,WI_1,28,regular,mean_7,39.090907617048785,25.029102665165112,7.566937911774145,3,11,4,1718.0,429.9999837875366,0,0,24.18675778777777,4,0.0
summer,WI_1,28,regular,tsb,41.382121284769916,26.496119565335803,11.249796893617843,3,11,4,1718.0,455.2033341324691,0,0,22.349730625889435,4,0.0
winter,CA_1,7,dormant,croston_sba,1.8292583217295837,,,12,12,1,0.0,21.951099860755004,12,1,,0,21.951099860755004
winter,CA_1,7,dormant,direct_general,0.507563967568179,,,12,12,1,0.0,6.090767610818148,12,1,,0,6.090767610818148
winter,CA_1,7,dormant,direct_personalized,0.5204542356853684,,,12,12,1,0.0,6.2454508282244205,12,1,,0,6.2454508282244205
winter,CA_1,7,dormant,mean_28,0.0,,,12,12,1,0.0,0.0,12,1,,0,0.0
winter,CA_1,7,dormant,mean_7,0.0,,,12,12,1,0.0,0.0,12,1,,0,0.0
winter,CA_1,7,dormant,tsb,3.186550995763156e-16,,,12,12,1,0.0,3.823861194915787e-15,12,1,,0,3.823861194915787e-15
winter,CA_1,7,occasional,croston_sba,3.901352856982609,48.723919019030525,0.6614767706186939,12,425,38,3403.0,1658.0749642176088,52,0,51.78222355641735,38,262.7420649870446
winter,CA_1,7,occasional,direct_general,3.5792087786337907,44.70066796706909,-0.740827733331696,12,425,38,3403.0,1521.1637309193611,52,0,50.4518572503397,38,154.67087041772902
winter,CA_1,7,occasional,direct_personalized,3.5755134637215558,44.65451725188543,-1.8475696927277498,12,425,38,3403.0,1519.5932220816612,52,0,49.81537648659513,38,150.13922278396785
winter,CA_1,7,occasional,mean_28,3.7558823444387492,46.90714065196792,-0.4628269375684224,12,425,38,3403.0,1596.2499963864684,52,0,52.22537815570831,38,169.00000163540244
winter,CA_1,7,occasional,mean_7,4.200000001928386,52.453717332340986,-0.558330267536405,12,425,38,3403.0,1785.0000008195639,52,0,61.80831892580926,38,106.00000140070915
winter,CA_1,7,occasional,tsb,3.5927054248186514,44.86922731554296,-0.5982189941213256,12,425,38,3403.0,1526.899805547927,52,0,52.24705913406626,38,137.37903993717552
winter,CA_1,7,rare,croston_sba,1.676878470309155,127.946796578502,16.921215116402504,12,132,11,173.0,221.34795808080847,62,0,94.2312495213384,11,117.60014485474066
winter,CA_1,7,rare,direct_general,1.2563492715866729,95.86017563551492,11.006588820432652,12,132,11,173.0,165.8381038494408,62,0,94.91266971454024,11,76.41589126549661
winter,CA_1,7,rare,direct_personalized,1.2374318945362712,94.41676883166924,7.8550365532753785,12,132,11,173.0,163.3410100787878,62,0,92.27117637638003,11,73.68104580044746
winter,CA_1,7,rare,mean_28,1.1761363682647545,89.7398847462125,-22.97687720442783,12,132,11,173.0,155.2500006109476,62,0,92.18749995343387,11,50.25000073388219
winter,CA_1,7,rare,mean_7,1.295454564645435,98.8439321001141,-10.982656668376372,12,132,11,173.0,171.0000025331974,62,0,100.00000342726707,11,49.00000125169754
winter,CA_1,7,rare,tsb,1.136365253544745,86.7053257039921,-17.576890680098945,12,132,11,173.0,150.00021346790635,62,0,93.10347744032072,11,46.04465163965836
winter,CA_1,7,regular,croston_sba,13.349734102285662,29.824347610974968,4.666221044787021,12,67,9,2999.0,894.4321848531393,7,1,44.80033629694337,8,180.547799736039
winter,CA_1,7,regular,direct_general,11.780400699421541,26.318334340154827,1.047414853279492,12,67,9,2999.0,789.2868468612432,7,1,50.58351574350729,8,77.80699118226767
winter,CA_1,7,regular,direct_personalized,11.718232811220101,26.179446427200627,3.4126065613061587,12,67,9,2999.0,785.1215983517468,7,1,50.79911020705356,8,78.28334943950176
winter,CA_1,7,regular,mean_28,13.309701492092502,29.734911636218662,8.161053494756802,12,67,9,2999.0,891.7499999701977,7,1,62.17532311263797,8,119.00000083446503
winter,CA_1,7,regular,mean_7,12.447761268980468,27.809269924031053,2.600866415553108,12,67,9,2999.0,834.0000050216913,7,1,40.489762164773694,8,52.00000013411045
winter,CA_1,7,regular,tsb,12.123927875519023,27.08580085561102,6.14146818584403,12,67,9,2999.0,812.3031676597745,7,1,53.89087755492149,8,82.21647064843064
winter,CA_1,28,dormant,croston_sba,7.317033286918336,,,3,3,1,0.0,21.951099860755008,3,1,,0,21.951099860755008
winter,CA_1,28,dormant,direct_general,4.3923956751823425,,,3,3,1,0.0,13.177187025547028,3,1,,0,13.177187025547028
winter,CA_1,28,dormant,direct_personalized,9.712635238965353,,,3,3,1,0.0,29.137905716896057,3,1,,0,29.137905716896057
winter,CA_1,28,dormant,mean_28,0.0,,,3,3,1,0.0,0.0,3,1,,0,0.0
winter,CA_1,28,dormant,mean_7,0.0,,,3,3,1,0.0,0.0,3,1,,0,0.0
winter,CA_1,28,dormant,tsb,2.8067861407963365e-15,,,3,3,1,0.0,8.420358422389009e-15,3,1,,0,8.420358422389009e-15
winter,CA_1,28,occasional,croston_sba,10.869602587127758,33.906378796079395,-6.956930671174375,3,104,36,3334.0,1130.4386690612869,5,0,30.684779030886503,36,83.4912069193584
winter,CA_1,28,occasional,direct_general,10.426294710057286,32.523534788421046,-1.8751203785882304,3,104,36,3334.0,1084.3346498459578,5,0,34.95570672718388,36,57.013535767793655
winter,CA_1,28,occasional,direct_personalized,10.501461916101666,32.75800957632193,-5.627693708295514,3,104,36,3334.0,1092.1520392745733,5,0,32.503596135490646,36,52.98798491060734
winter,CA_1,28,occasional,mean_28,11.336538393766833,35.3629272031119,-3.6292740481838024,3,104,36,3334.0,1178.9999929517508,5,0,39.01408266013776,36,37.00000050663948
winter,CA_1,28,occasional,mean_7,14.173076825073132,44.21115746273563,-12.057588280284197,3,104,36,3334.0,1473.9999898076057,5,0,52.073365428516176,36,24.00000023841858
winter,CA_1,28,occasional,tsb,11.218463892923213,34.99460842423557,-6.522272591811133,3,104,36,3334.0,1166.7202448640141,5,0,33.91506979138545,36,36.388629717298414
winter,CA_1,28,rare,croston_sba,5.411360684918936,103.222487053367,24.01656133054881,3,33,11,173.0,178.5749026023249,6,0,59.98663529306927,11,62.07400059261053
winter,CA_1,28,rare,direct_general,4.378520825821342,83.52091748676548,19.84125797373022,3,33,11,173.0,144.49118725210428,6,0,70.9990820288658,11,36.279780089855194
winter,CA_1,28,rare,direct_personalized,4.3486460372805595,82.95105157818408,8.412610498294667,3,33,11,173.0,143.50531923025846,6,0,74.82980884611607,11,32.04545632749796
winter,CA_1,28,rare,mean_28,3.424242428757928,65.31791916127838,-31.791906153535567,3,33,11,173.0,113.00000014901161,6,0,58.333334078391395,11,8.000000149011612
winter,CA_1,28,rare,mean_7,5.484848540840727,104.6242785247075,-39.884391582081086,3,33,11,173.0,181.000001847744,6,0,100.0,11,0.0
winter,CA_1,28,rare,tsb,3.684766820419697,70.28745958026012,-37.357776748636034,3,33,11,173.0,121.59730507385,6,0,63.63452620503948,11,5.1637119005508545
winter,CA_1,28,regular,croston_sba,44.72565956795071,27.698420201794764,5.895196926488772,3,19,9,3068.0,849.7875317910634,1,1,59.03596441550529,8,138.17629337140428
winter,CA_1,28,regular,direct_general,44.80999252984398,27.75064726424497,6.074567904606015,3,19,9,3068.0,851.3898580670357,1,1,58.95990179663166,8,112.46432948112488
winter,CA_1,28,regular,direct_personalized,46.33809176871652,28.69699294672796,4.081091280866317,3,19,9,3068.0,880.4237436056138,1,1,59.781261310818245,8,116.95931601524352
winter,CA_1,28,regular,mean_28,45.789473031696524,28.35723558025534,15.319426616136527,3,19,9,3068.0,869.9999876022339,1,1,72.26219343881795,8,114.0000057220459
winter,CA_1,28,regular,mean_7,51.789473012874,32.073011318272684,2.216427558559481,3,19,9,3068.0,983.999987244606,1,1,48.247976985367586,8,196.0
winter,CA_1,28,regular,tsb,43.03673763294397,26.65247767359633,10.942897012600005,3,19,9,3068.0,817.6980150259354,1,1,63.19086682346955,8,131.6964466582962
winter,TX_1,7,dormant,croston_sba,4.089950090223015,613.4925135334522,489.0429170361763,7,12,2,8.0,49.07940108267618,10,0,1893.9965504055144,2,39.8137954138781
winter,TX_1,7,dormant,direct_general,1.0384079453845818,155.76119180768728,-14.667066559195518,7,12,2,8.0,12.460895344614983,10,0,263.2254287600517,2,5.643765009939671
winter,TX_1,7,dormant,direct_personalized,0.9594686599448323,143.92029899172485,-31.904768710955977,7,12,2,8.0,11.513623919337988,10,0,234.01537109166384,2,4.480621211230755
winter,TX_1,7,dormant,mean_28,0.6666666666666666,100.0,-100.0,7,12,2,8.0,8.0,10,0,100.0,2,0.0
winter,TX_1,7,dormant,mean_7,0.6666666666666666,100.0,-100.0,7,12,2,8.0,8.0,10,0,100.0,2,0.0
winter,TX_1,7,dormant,tsb,0.6666666669299434,100.0000000394915,-99.99999996000601,7,12,2,8.0,8.00000000315932,10,0,100.00000015796603,2,3.179420088117015e-09
winter,TX_1,7,occasional,croston_sba,4.828645251380458,46.2359870032267,-4.012153910812031,12,345,33,3603.0,1665.882611726258,44,0,61.54499860682511,33,252.9325679365635
winter,TX_1,7,occasional,direct_general,4.5368378823974,43.441828182822725,-4.102667191670962,12,345,33,3603.0,1565.2090694271028,44,0,54.173983271057544,33,160.08983185514808
winter,TX_1,7,occasional,direct_personalized,4.487724570168749,42.971550838418494,-2.7955794267515617,12,345,33,3603.0,1548.2649767082185,44,0,56.665836258248966,33,158.8293654564768
winter,TX_1,7,occasional,mean_28,4.849999986426986,46.440466148135165,-2.6158758422839057,12,345,33,3603.0,1673.24999531731,44,0,60.45454464175484,33,183.50000194460154
winter,TX_1,7,occasional,mean_7,5.228985531995262,50.06938685923856,-1.6652784118743655,12,345,33,3603.0,1804.0000085383654,44,0,62.50000229726235,33,109.00000184774399
winter,TX_1,7,occasional,tsb,4.544306777683922,43.5133454982224,-2.379931907975895,12,345,33,3603.0,1567.7858383009532,44,0,56.359561863023714,33,153.78831305457103
winter,TX_1,7,rare,croston_sba,1.2338741201429064,93.91589640578174,-17.709504004108158,12,239,24,314.0,294.8959147141546,114,2,95.09435329784456,22,110.45355986927868
winter,TX_1,7,rare,direct_general,1.2004571922481932,91.37237864564274,14.992069967304635,12,239,24,314.0,286.9092689473182,114,2,107.26399235920434,22,130.95121752470732
winter,TX_1,7,rare,direct_personalized,1.2141771285042604,92.41666678742618,11.708396676761708,12,239,24,314.0,290.1883337125182,114,2,107.0954536936958,22,130.7126931529492
winter,TX_1,7,rare,mean_28,1.123430971056223,85.50955480332398,-17.83439363145335,12,239,24,314.0,268.5000020824373,114,2,96.42857228006636,22,83.00000204145908
winter,TX_1,7,rare,mean_7,1.1715481343628473,89.17197583207658,-7.643309501326009,12,239,24,314.0,280.0000041127205,114,2,111.11111282198517,22,66.00000242888927
winter,TX_1,7,rare,tsb,1.1194041648466169,85.20305585934439,-14.800383174397961,12,239,24,314.0,267.5375953983414,114,2,103.0002144987894,22,77.11352926055054
winter,TX_1,7,regular,croston_sba,6.627816112883013,23.33738067916554,-11.287369890190828,12,40,5,1136.0,265.11264451532054,0,0,28.56349585701246,5,0.0
winter,TX_1,7,regular,direct_general,6.740452115796506,23.733986323227136,-8.450369744784608,12,40,5,1136.0,269.61808463186026,0,0,29.381588395841106,5,0.0
winter,TX_1,7,regular,direct_personalized,6.8289475264027715,24.0455898816999,-8.197351470983156,12,40,5,1136.0,273.15790105611086,0,0,29.421602483994945,5,0.0
winter,TX_1,7,regular,mean_28,7.068750166893006,24.88996537638382,-7.944542883147657,12,40,5,1136.0,282.7500066757202,0,0,33.08383240671215,5,0.0
winter,TX_1,7,regular,mean_7,6.775000033900142,23.855633922183596,-6.426055735947798,12,40,5,1136.0,271.00000135600567,0,0,21.212121573361483,5,0.0
winter,TX_1,7,regular,tsb,6.435044281100869,22.658606623594608,-7.5126060555359135,12,40,5,1136.0,257.40177124403476,0,0,28.3716117751214,5,0.0
winter,TX_1,28,dormant,croston_sba,13.825243617814088,291.0577603750334,207.7742294322528,2,4,2,19.0,55.30097447125635,2,0,705.0162411876057,2,29.238551796064016
winter,TX_1,28,dormant,direct_general,5.845235779881477,123.05759536592583,12.788653687426919,2,4,2,19.0,23.38094311952591,2,0,180.8202205846707,2,11.353863000869751
winter,TX_1,28,dormant,direct_personalized,5.468897685408592,115.1346881138651,33.42843024354232,2,4,2,19.0,21.87559074163437,2,0,199.70313670734564,2,10.296294569969177
winter,TX_1,28,dormant,mean_28,4.75,100.0,-100.0,2,4,2,19.0,19.0,2,0,100.0,2,0.0
winter,TX_1,28,dormant,mean_7,4.75,100.0,-100.0,2,4,2,19.0,19.0,2,0,100.0,2,0.0
winter,TX_1,28,dormant,tsb,4.750000001590952,100.00000003349373,-99.99999996280688,2,4,2,19.0,19.00000000636381,2,0,100.00000010606351,2,6.7152517178397274e-09
winter,TX_1,28,occasional,croston_sba,16.7642874810813,37.55200395762212,-10.893898686680473,3,84,31,3750.0,1408.2001484108293,3,0,38.72643607975844,31,104.89836911615009
winter,TX_1,28,occasional,direct_general,17.20483688992404,38.53883463342984,-7.784329690535861,3,84,31,3750.0,1445.2062987536192,3,0,42.98165836616566,31,102.94832694530487
winter,TX_1,28,occasional,direct_personalized,16.885020511490957,37.822445945739744,-6.758949016729991,3,84,31,3750.0,1418.3417229652405,3,0,43.99561097747401,31,102.27565854787827
winter,TX_1,28,occasional,mean_28,18.928571447730064,42.400000042915345,-4.906667083104453,3,84,31,3750.0,1590.0000016093254,3,0,47.40259554479028,31,110.00000178813934
winter,TX_1,28,occasional,mean_7,21.04761863322485,47.146665738423664,-11.89333295504252,3,84,31,3750.0,1767.9999651908875,3,0,60.52631610318234,31,59.9999993443489
winter,TX_1,28,occasional,tsb,16.154955733785687,36.187100843679936,-9.034576614180581,3,84,31,3750.0,1357.0162816379977,3,0,46.520048387585334,31,101.4693908897531
winter,TX_1,28,rare,croston_sba,3.794759535127752,63.419268943230925,-25.398427620919456,3,61,24,365.0,231.48033164279286,10,2,46.28382136868265,22,29.125742490817604
winter,TX_1,28,rare,direct_general,4.6326209023350575,77.42188357327082,19.82780256499983,3,61,24,365.0,282.5898750424385,10,2,64.23856545384828,22,66.07841023802757
winter,TX_1,28,rare,direct_personalized,4.715842643600018,78.81271267386332,16.85124332161799,3,61,24,365.0,287.6664012596011,10,2,60.73466222491358,22,76.98390229046345
winter,TX_1,28,rare,mean_28,3.213114747014202,53.69863001859351,-26.84931408460826,3,61,24,365.0,195.99999956786633,10,2,44.15584380750532,22,10.000000447034836
winter,TX_1,28,rare,mean_7,4.770491774942054,79.72602692368912,-24.383559863861294,3,61,24,365.0,290.9999982714653,10,2,80.38277768632442,22,4.000000178813934
winter,TX_1,28,rare,tsb,3.8277088983865433,63.96992953467922,-29.1589188194703,3,61,24,365.0,233.49024280157914,10,2,52.12149118642072,22,8.858027167571409
winter,TX_1,28,regular,croston_sba,25.182811393659147,27.165923833505012,-7.587902756012143,3,10,4,927.0,251.82811393659148,0,0,22.518604649479983,4,0.0
winter,TX_1,28,regular,direct_general,25.613700738549234,27.63074513327857,-2.469992711577469,3,10,4,927.0,256.1370073854923,0,0,27.926582950497348,4,0.0
winter,TX_1,28,regular,direct_personalized,25.81345208287239,27.84622662661531,-2.442775504360178,3,10,4,927.0,258.1345208287239,0,0,27.812786359648396,4,0.0
winter,TX_1,28,regular,mean_28,30.10000033378601,32.470334772153194,1.4023727840847446,3,10,4,927.0,301.0000033378601,0,0,35.588715984115204,4,0.0
winter,TX_1,28,regular,mean_7,19.299999397993084,20.819848325774633,-14.563106622510748,3,10,4,927.0,192.99999397993085,0,0,22.28163890164307,4,0.0
winter,TX_1,28,regular,tsb,22.674231484329276,24.459796638974407,-4.440667301380198,3,10,4,927.0,226.74231484329275,0,0,23.24776412625773,4,0.0
winter,WI_1,7,dormant,croston_sba,33.71633623265949,11800.717681430822,11800.717681430822,7,7,1,2.0,236.01435362861645,6,0,11800.717681430822,1,204.01230311024267
winter,WI_1,7,dormant,direct_general,0.9594617134758404,335.81159971654415,187.09275610744953,7,7,1,2.0,6.716231994330883,6,0,335.81159971654415,1,5.229043558239937
winter,WI_1,7,dormant,direct_personalized,0.8388233802148274,293.5881830751896,131.19343295693398,7,7,1,2.0,5.871763661503792,6,0,293.5881830751896,1,4.247816160321236
winter,WI_1,7,dormant,mean_28,0.2857142857142857,100.0,-100.0,7,7,1,2.0,2.0,6,0,100.0,1,0.0
winter,WI_1,7,dormant,mean_7,0.2857142857142857,100.0,-100.0,7,7,1,2.0,2.0,6,0,100.0,1,0.0
winter,WI_1,7,dormant,tsb,0.2857142886477017,100.0000010266956,-99.99999896024073,7,7,1,2.0,2.000000020533912,6,0,100.0000010266956,1,2.0664548627705943e-08
winter,WI_1,7,occasional,croston_sba,3.9688168596414344,47.37775126196962,-0.010575299868570975,12,382,33,3200.0,1516.0880403830279,30,0,51.60355690537971,33,199.76212354047613
winter,WI_1,7,occasional,direct_general,3.698818497549918,44.154645814502146,2.6181447267881595,12,382,33,3200.0,1412.9486660640687,30,0,48.635959275998175,33,115.67359446175396
winter,WI_1,7,occasional,direct_personalized,3.632121031377367,43.35844481206732,0.864380382408854,12,382,33,3200.0,1387.4702339861542,30,0,48.22644856758416,33,115.22377433627844
winter,WI_1,7,occasional,mean_28,3.9816753672660177,47.53124969673809,1.9843750925501815,12,382,33,3200.0,1520.9999902956188,30,0,52.04918133552934,33,142.24999937042594
winter,WI_1,7,occasional,mean_7,4.321989538313831,51.593750113621354,1.6562507208436739,12,382,33,3200.0,1651.0000036358833,30,0,56.25000149011612,33,80.00000138580799
winter,WI_1,7,occasional,tsb,3.7499010958308325,44.76444433148056,0.9502010586079644,12,382,33,3200.0,1432.462218607378,30,0,48.374058126682876,33,111.80798744748587
winter,WI_1,7,rare,croston_sba,1.5275266698853485,100.40751630710547,-17.51776679035687,12,211,19,321.0,322.30812734580854,102,0,94.72710975211237,19,120.0084225018354
winter,WI_1,7,rare,direct_general,1.2470140931465756,81.96883914452569,7.481062774926517,12,211,19,321.0,263.11997365392745,102,0,103.68418011814356,19,113.82892574183643
winter,WI_1,7,rare,direct_personalized,1.2779826892725241,84.00446960638709,8.804143723274503,12,211,19,321.0,269.6543474365026,102,0,105.45943757519126,19,115.58644988760352
winter,WI_1,7,rare,mean_28,1.1101895797450396,72.9750782947674,-20.950154690913322,12,211,19,321.0,234.25000132620335,102,0,92.50000298023224,19,63.25000113248825
winter,WI_1,7,rare,mean_7,1.2132701615304178,79.7507800881365,-11.214951024248592,12,211,19,321.0,256.00000408291817,102,0,100.0,19,60.00000184774399
winter,WI_1,7,rare,tsb,1.0523808612787646,69.17519057003717,-12.360404547592578,12,211,19,321.0,222.05236172981932,102,0,91.5439815314869,19,62.323507962885664
winter,WI_1,7,regular,croston_sba,14.50200338371797,28.05331122051837,0.5763507269992217,12,36,3,1861.0,522.0721218138469,0,0,28.598931444944245,3,0.0
winter,WI_1,7,regular,direct_general,13.512977083524069,26.140095379197554,1.682895594934569,12,36,3,1861.0,486.46717500686646,0,0,28.330943225675327,3,0.0
winter,WI_1,7,regular,direct_personalized,13.93725425336096,26.960835739978215,0.2080858058022414,12,36,3,1861.0,501.74115312099457,0,0,27.545949731283127,3,0.0
winter,WI_1,7,regular,mean_28,14.659722169240316,28.35840935479051,10.357334471594449,12,36,3,1861.0,527.7499980926514,0,0,29.777068848822527,3,0.0
winter,WI_1,7,regular,mean_7,14.777777347299788,28.586780467640644,0.859752885120521,12,36,3,1861.0,531.9999845027924,0,0,33.75796223901639,3,0.0
winter,WI_1,7,regular,tsb,14.775649514185792,28.582664293964992,4.674819098047473,12,36,3,1861.0,531.9233825106885,0,0,28.468872151755537,3,0.0
winter,WI_1,28,dormant,croston_sba,129.5082020734951,1992.4338780537712,1992.4338780537712,2,2,1,13.0,259.0164041469902,1,0,1992.4338780537712,1,136.0082020734951
winter,WI_1,28,dormant,direct_general,7.167325854301453,110.26655160463773,-0.1900617892925556,2,2,1,13.0,14.334651708602905,1,0,110.26655160463773,1,7.1549718379974365
winter,WI_1,28,dormant,direct_personalized,7.140004217624664,109.84621873268715,-48.139147575084976,2,2,1,13.0,14.280008435249329,1,0,109.84621873268715,1,4.010959625244141
winter,WI_1,28,dormant,mean_28,6.5,100.0,-100.0,2,2,1,13.0,13.0,1,0,100.0,1,0.0
winter,WI_1,28,dormant,mean_7,6.5,100.0,-100.0,2,2,1,13.0,13.0,1,0,100.0,1,0.0
winter,WI_1,28,dormant,tsb,6.500000020680701,100.00000031816464,-99.99999964669412,2,2,1,13.0,13.000000041361401,1,0,100.00000031816464,1,4.3645583730565734e-08
winter,WI_1,28,occasional,croston_sba,13.175283329733231,39.26135245685875,0.9030932941514979,3,95,33,3188.0,1251.651916324657,0,0,34.63531110910195,33,0.0
winter,WI_1,28,occasional,direct_general,13.540225480104748,40.348852591278266,3.9901124395271195,3,95,33,3188.0,1286.321420609951,0,0,41.46359405674776,33,0.0
winter,WI_1,28,occasional,direct_personalized,13.500636978996427,40.23088183828923,0.7446901332890846,3,95,33,3188.0,1282.5605130046606,0,0,38.91342580318451,33,0.0
winter,WI_1,28,occasional,mean_28,13.54736836882014,40.37013786191698,1.5997492819276637,3,95,33,3188.0,1286.9999950379133,0,0,38.23529411764706,33,0.0
winter,WI_1,28,occasional,mean_7,17.557894664689115,52.32120430192804,5.1442915122661566,3,95,33,3188.0,1667.9999931454659,0,0,51.546391629681146,33,0.0
winter,WI_1,28,occasional,tsb,14.247250726250718,42.455734598300445,3.728734161951328,3,95,33,3188.0,1353.488818993818,0,0,40.13552553707325,33,0.0
winter,WI_1,28,rare,croston_sba,5.087976097888265,83.74619043108014,-18.008196950186683,3,53,19,322.0,269.66273318807805,11,0,70.30639089800334,19,58.159220495528416
winter,WI_1,28,rare,direct_general,4.676156614889514,76.96779521401994,16.77794958354894,3,53,19,322.0,247.83630058914423,11,0,73.05691149085762,19,78.11992865800858
winter,WI_1,28,rare,direct_personalized,5.849278824017295,96.27694958786232,37.797895479970464,3,53,19,322.0,310.01177767291665,11,0,68.2599538564682,19,92.44378273189068
winter,WI_1,28,rare,mean_28,4.0754716992378235,67.08074536012566,-31.055899806644607,3,53,19,322.0,216.00000005960464,11,0,84.99999985098839,19,15.000000357627869
winter,WI_1,28,rare,mean_7,3.81132080757393,62.73292012466407,-29.192544973414876,3,53,19,322.0,202.0000028014183,11,0,77.77778572506375,19,12.000000536441803
winter,WI_1,28,rare,tsb,3.337277437294971,54.93034291199796,-19.494270781062113,3,53,19,322.0,176.87570417663346,11,0,75.91739039805826,19,14.600387661714059
winter,WI_1,28,regular,croston_sba,57.812324796971424,27.958674001759423,-0.5580240875022162,3,9,3,1861.0,520.3109231727428,0,0,13.722101661102347,3,0.0
winter,WI_1,28,regular,direct_general,54.24850138028464,26.235169931357426,-1.4509083057590069,3,9,3,1861.0,488.2365124225617,0,0,15.945416916707524,3,0.0
winter,WI_1,28,regular,direct_personalized,55.190694610277816,26.690824905561545,-4.3810132816874265,3,9,3,1861.0,496.71625149250036,0,0,16.238516763389416,3,0.0
winter,WI_1,28,regular,mean_28,58.33333232667711,28.210638954330683,15.851692100291228,3,9,3,1861.0,524.999990940094,0,0,21.656052474003683,3,0.0
winter,WI_1,28,regular,mean_7,55.66666417651706,26.921009005301105,-13.59484161118677,3,9,3,1861.0,500.99997758865356,0,0,23.566879284609662,3,0.0
winter,WI_1,28,regular,tsb,54.31811436912423,26.26883553584729,4.6944090092805,3,9,3,1861.0,488.8630293221181,0,0,10.303996617791542,3,0.0
