horizon,pattern,method,comparable_store_periods,periods_better_than_general,periods_at_least_5_percent_better,median_gain_vs_general_percent,minimum_windows_in_cell,minimum_products_in_cell
7,dormant,croston_sba,3,1,1,-293.86737249090214,6,1
7,dormant,direct_general,3,0,0,0.0,6,1
7,dormant,direct_personalized,3,3,2,7.601953142848288,6,1
7,dormant,mean_28,3,3,3,60.808009128991785,6,1
7,dormant,mean_7,3,3,3,60.808009128991785,6,1
7,dormant,tsb,3,3,3,60.80800885530643,6,1
7,occasional,croston_sba,9,0,0,-18.205858909519943,8,33
7,occasional,direct_general,9,0,0,0.0,8,33
7,occasional,direct_personalized,9,6,0,0.1777815403926218,8,33
7,occasional,mean_28,9,0,0,-6.9026514093578815,8,33
7,occasional,mean_7,9,0,0,-17.344370269776636,8,33
7,occasional,tsb,9,0,0,-1.2535989768450548,8,33
7,rare,croston_sba,9,1,0,-17.27479879466315,8,11
7,rare,direct_general,9,0,0,0.0,8,11
7,rare,direct_personalized,9,4,0,-1.0457363320177464,8,11
7,rare,mean_28,9,9,8,6.910192476454893,8,11
7,rare,mean_7,9,4,1,-2.6314957312380898,8,11
7,rare,tsb,9,9,9,8.061337814081966,8,11
7,regular,croston_sba,9,2,0,-10.218849867225158,8,3
7,regular,direct_general,9,0,0,0.0,8,3
7,regular,direct_personalized,9,4,0,-1.312900219243049,8,3
7,regular,mean_28,9,0,0,-8.486250502966044,8,3
7,regular,mean_7,9,1,1,-5.868336429690876,8,3
7,regular,tsb,9,2,0,-2.9160907583928823,8,3
28,dormant,croston_sba,3,1,1,-136.52157309716634,1,1
28,dormant,direct_general,3,0,0,0.0,1,1
28,dormant,direct_personalized,3,3,2,6.4383732093098915,1,1
28,dormant,mean_28,3,3,3,18.737238686780316,1,1
28,dormant,mean_7,3,3,3,18.737238686780316,1,1
28,dormant,tsb,3,3,3,18.737238659562387,1,1
28,occasional,croston_sba,9,3,1,-6.6886277785046495,2,31
28,occasional,direct_general,9,0,0,0.0,2,31
28,occasional,direct_personalized,9,6,0,0.9179566415822374,2,31
28,occasional,mean_28,9,4,0,-0.05275310020418809,2,31
28,occasional,mean_7,9,0,0,-31.951689765172848,2,31
28,occasional,tsb,9,3,2,-5.2216652313865275,2,31
28,rare,croston_sba,9,4,4,-4.179170181444637,2,11
28,rare,direct_general,9,0,0,0.0,2,11
28,rare,direct_personalized,9,3,1,-1.7964289118285754,2,11
28,rare,mean_28,9,7,7,21.79453827045362,2,11
28,rare,mean_7,9,2,2,-15.093424380804503,2,11
28,rare,tsb,9,9,7,15.844483399745112,2,11
28,regular,croston_sba,9,5,1,0.18820124068779825,2,3
28,regular,direct_general,9,0,0,0.0,2,3
28,regular,direct_personalized,9,2,1,-1.736809692471252,2,3
28,regular,mean_28,9,2,2,-7.529850304541343,2,3
28,regular,mean_7,9,2,2,-12.395874072331742,2,3
28,regular,tsb,9,4,3,-0.1283224182574378,2,3
