horizon,pattern,method,MAE_total_units,WAPE_percent,bias_percent,windows,rows,products,actual_units,absolute_error_units,zero_actual_windows,zero_total_products,median_product_WAPE_percent,positive_total_products,predicted_units_on_zero_actual_windows
7,dormant,croston_sba,5.986284421278794,3156.4045130379095,3051.101247884441,33,58,5,11.0,347.20449643417004,54,1,1893.9965504055144,4,305.12314452344845
7,dormant,direct_general,0.564339465108411,297.56080887534404,135.2597340941429,33,58,5,11.0,32.73168897628784,54,1,295.4828861169517,4,23.80512986332178
7,dormant,direct_personalized,0.5452881583719161,287.51557441428304,116.57878085124221,33,58,5,11.0,31.626713185571134,54,1,269.45978687144816,4,22.22518953960389
7,dormant,mean_28,0.1896551724137931,100.0,-100.0,33,58,5,11.0,11.0,54,1,100.0,4,0.0
7,dormant,mean_7,0.1896551724137931,100.0,-100.0,33,58,5,11.0,11.0,54,1,100.0,4,0.0
7,dormant,tsb,0.18965517294269713,100.00000027887667,-99.99999971665896,33,58,5,11.0,11.000000030676434,54,1,100.00000050712582,4,3.092197329913047e-08
7,occasional,croston_sba,4.444379250381262,54.87874738264457,5.3955729362146325,33,3227,121,26134.0,14342.011840980333,457,1,56.900937831904876,120,3848.974778193703
7,occasional,direct_general,3.613889644625486,44.623945370806005,-0.5273896091888265,33,3227,121,26134.0,11662.021883206442,457,1,52.284899729970995,120,1265.7731922604144
7,occasional,direct_personalized,3.644779367874563,45.00536856252857,0.6051549773010138,33,3227,121,26134.0,11761.703020131215,457,1,51.6860280655417,120,1281.569139862433
7,occasional,mean_28,3.891927488104345,48.057128660414485,-2.62397649557053,33,3227,121,26134.0,12559.25000411272,457,1,56.44394233393528,120,1465.0000048093498
7,occasional,mean_7,4.23303379040866,52.26907492786694,-1.1708879213444603,33,3227,121,26134.0,13660.000041648746,457,1,55.33459683917839,120,718.000012382865
7,occasional,tsb,3.6957529677019583,45.634785439558506,-1.2680314321750603,33,3227,121,26134.0,11926.19482677422,457,1,52.64656197995011,120,1131.052293770385
7,rare,croston_sba,1.3687081677915087,104.19023601498839,-4.3492810226224,33,1559,67,2048.0,2133.816033586962,743,3,97.71316179543041,64,949.2607744296423
7,rare,direct_general,1.1782469362202097,89.69174675621616,15.014547642749676,33,1559,67,2048.0,1836.886973567307,743,3,95.42177767821835,64,816.5804620850831
7,rare,direct_personalized,1.1857823897260669,90.2653684366669,14.280113898712443,33,1559,67,2048.0,1848.6347455829382,743,3,95.29508688769052,64,811.7280523367226
7,rare,mean_28,1.080981403691999,82.28759806424932,-13.879393398565298,33,1559,67,2048.0,1685.2500083558261,743,3,87.48867856794158,64,528.7500095032156
7,rare,mean_7,1.1789608907726348,89.74609515207703,-8.300778663397068,33,1559,67,2048.0,1838.0000287145376,743,3,98.88888980572423,64,478.00001657009125
7,rare,tsb,1.0717049789626851,81.58144834974738,-11.526359364089366,33,1559,67,2048.0,1670.7880622028263,743,3,88.30418559167842,64,504.58023611734234
7,regular,croston_sba,15.132596993830386,35.79524909616509,5.243887787783515,33,403,21,17037.0,6098.436588513646,18,1,34.33117294614044,20,1226.6567247633786
7,regular,direct_general,13.18094474958168,31.17873295815823,0.4102335192030036,33,403,21,17037.0,5311.920734081417,18,1,31.714055579829967,20,362.8577111400664
7,regular,direct_personalized,13.49991217689131,31.933231245449306,2.52559250667267,33,403,21,17037.0,5440.464607287198,18,1,31.37717313799891,20,377.5947904214263
7,regular,mean_28,14.874069506418024,35.18371785576372,5.885719334273829,33,403,21,17037.0,5994.250011086464,18,1,35.398834087693785,20,757.2499969005585
7,regular,mean_7,14.193548400629838,33.57398606241607,2.10130879221552,33,403,21,17037.0,5720.000005453825,18,1,33.68421016162948,20,115.99999965727329
7,regular,tsb,13.802758801912574,32.64959674338656,4.9540978590151905,33,403,21,17037.0,5562.511797170768,18,1,33.144404354649495,20,475.4317918372195
28,dormant,croston_sba,24.873895187186136,1130.6315994175516,1081.1363367886847,8,15,5,33.0,373.10842780779205,11,1,705.0162411876057,4,223.7830201649058
28,dormant,direct_general,3.9946737801035246,181.57608091379657,74.57469103462768,8,15,5,33.0,59.92010670155287,11,1,187.75453529296777,4,37.72689824551344
28,dormant,direct_personalized,4.609850229322911,209.538646787405,100.25899037718773,8,15,5,33.0,69.14775343984365,11,1,152.97974611704166,4,45.33827572315931
28,dormant,mean_28,2.2,100.0,-100.0,8,15,5,33.0,33.0,11,1,100.0,4,0.0
28,dormant,mean_7,2.2,100.0,-100.0,8,15,5,33.0,33.0,11,1,100.0,4,0.0
28,dormant,tsb,2.2000000030711706,100.00000013959867,-99.99999983438143,8,15,5,33.0,33.00000004606756,11,1,100.00000010606351,4,5.03608438694047e-08
28,occasional,croston_sba,13.53649309284896,40.69473946534445,2.2627708113856038,8,778,118,25879.0,10531.391626236491,44,0,35.08562566717063,118,1559.9453160443768
28,occasional,direct_general,12.648328911326347,38.024652780292506,-4.500091528261094,8,778,118,25879.0,9840.399893011898,44,0,38.30376122129407,118,385.8089523874223
28,occasional,direct_personalized,12.502260228049172,37.58552671054622,-4.579567252366628,8,778,118,25879.0,9726.758457422256,44,0,38.60921639107996,118,407.74087622761726
28,occasional,mean_28,13.11053981551551,39.41419674821696,-5.108389088696068,8,778,118,25879.0,10199.999976471066,44,0,41.5404022285583,118,242.00000424683094
28,occasional,mean_7,16.564267307060238,49.79713267472802,-8.667258747790612,8,778,118,25879.0,12886.999964892864,44,0,55.50471867021331,118,83.99999958276749
28,occasional,tsb,12.982593413722512,39.02955166689638,-6.119998510358112,8,778,118,25879.0,10100.457675876114,44,0,39.454045018704775,118,204.09359097169136
28,rare,croston_sba,4.058296458776381,72.61214272845797,-10.484967087397894,8,382,65,2135.0,1550.2692472525775,71,3,60.500871935979575,62,424.2961774495011
28,rare,direct_general,4.095594910212368,73.27949675415104,23.749789926779634,8,382,65,2135.0,1564.5172557011247,71,3,67.42762130251734,62,465.43184188753366
28,rare,direct_personalized,4.274747906125965,76.48495082623506,25.119127755421946,8,382,65,2135.0,1632.9537001401186,71,3,68.28311128275735,62,482.94777292758226
28,rare,mean_28,3.282722519447354,58.73536311142338,-19.29742283019863,8,382,65,2135.0,1254.0000024288893,71,3,56.111111740271255,62,119.0000021904707
28,rare,mean_7,4.515706860582242,80.79625389894223,-19.06322967810709,8,382,65,2135.0,1725.0000207424164,71,3,87.08333558713397,62,80.00000357627869
28,rare,tsb,3.3456286504533197,59.86089669663551,-19.71941047220418,8,382,65,2135.0,1278.030144473168,71,3,60.98077619607611,62,107.61675711329656
28,regular,croston_sba,56.090551296918825,34.437518044187144,8.51155258973271,8,97,20,15799.0,5440.783475801126,1,1,32.94102842153284,19,138.17629337140428
28,regular,direct_general,53.186656106378614,32.654634105441644,4.01241108506335,8,97,20,15799.0,5159.105642318726,1,1,32.62960829781098,19,112.46432948112488
28,regular,direct_personalized,56.4129678044737,34.63546982108962,4.516377196605314,8,97,20,15799.0,5472.057877033949,1,1,37.52501432829574,19,116.95931601524352
28,regular,mean_28,55.36082468819372,33.989492972686826,12.4058481967708,8,97,20,15799.0,5369.999994754791,1,1,36.46055376097591,19,114.0000057220459
28,regular,mean_7,60.9175248373415,37.40110076094769,4.512943836456388,8,97,20,15799.0,5908.999909222126,1,1,36.21890471349308,19,196.0
28,regular,tsb,52.88746925095373,32.47094447333699,9.89372176107956,8,97,20,15799.0,5130.084517342511,1,1,30.422959209180323,19,131.6964466582962
