store_id,item_id,catalog_present,launch_date,days_available_at_cutoff,eligible,reason
CA_1,FOODS_1_048,True,2011-10-22,1317,True,eligible
CA_1,FOODS_1_098,True,2013-04-27,764,True,eligible
CA_1,FOODS_1_111,True,2014-06-07,358,True,eligible
CA_1,FOODS_1_160,True,2015-01-17,134,False,less_than_180_days_at_training_cutoff
CA_1,FOODS_2_011,True,2011-01-29,1583,True,eligible
CA_1,FOODS_2_030,True,2011-01-29,1583,True,eligible
CA_1,FOODS_2_037,True,2011-01-29,1583,True,eligible
CA_1,FOODS_2_091,True,2014-04-19,407,True,eligible
CA_1,FOODS_2_175,True,2012-03-17,1170,True,eligible
CA_1,FOODS_2_276,True,2011-01-29,1583,True,eligible
CA_1,FOODS_3_087,True,2013-05-11,750,True,eligible
CA_1,FOODS_3_289,True,2011-01-29,1583,True,eligible
CA_1,FOODS_3_329,True,2012-12-08,904,True,eligible
CA_1,FOODS_3_413,True,2011-08-13,1387,True,eligible
CA_1,FOODS_3_478,True,2011-02-12,1569,True,eligible
CA_1,FOODS_3_530,True,2015-05-16,15,False,less_than_180_days_at_training_cutoff
CA_1,FOODS_3_603,True,2014-10-25,218,True,eligible
CA_1,FOODS_3_679,True,2011-01-29,1583,True,eligible
CA_1,FOODS_3_686,True,2011-01-29,1583,True,eligible
CA_1,FOODS_3_691,True,2014-06-07,358,True,eligible
CA_1,HOBBIES_1_008,True,2011-01-29,1583,True,eligible
CA_1,HOBBIES_1_056,True,2013-02-23,827,True,eligible
CA_1,HOBBIES_1_066,True,2013-07-27,673,True,eligible
CA_1,HOBBIES_1_074,True,2011-11-26,1282,True,eligible
CA_1,HOBBIES_1_095,True,2012-02-18,1198,True,eligible
CA_1,HOBBIES_1_097,True,2011-01-29,1583,True,eligible
CA_1,HOBBIES_1_112,True,2011-02-19,1562,True,eligible
CA_1,HOBBIES_1_142,True,2011-11-19,1289,True,eligible
CA_1,HOBBIES_1_153,True,2011-12-24,1254,True,eligible
CA_1,HOBBIES_1_198,True,2011-10-15,1324,True,eligible
CA_1,HOBBIES_1_203,True,2013-09-21,617,True,eligible
CA_1,HOBBIES_1_232,True,2015-01-03,148,False,less_than_180_days_at_training_cutoff
CA_1,HOBBIES_1_261,True,2011-01-29,1583,True,eligible
CA_1,HOBBIES_1_265,True,2012-04-28,1128,True,eligible
CA_1,HOBBIES_1_285,True,2012-02-25,1191,True,eligible
CA_1,HOBBIES_1_290,True,2011-01-29,1583,True,eligible
CA_1,HOBBIES_1_331,True,2012-02-18,1198,True,eligible
CA_1,HOBBIES_1_351,True,2011-03-12,1541,True,eligible
CA_1,HOBBIES_2_043,True,2014-05-17,379,True,eligible
CA_1,HOBBIES_2_091,True,2013-04-20,771,True,eligible
CA_1,HOUSEHOLD_1_016,True,2011-01-29,1583,True,eligible
CA_1,HOUSEHOLD_1_117,True,2011-01-29,1583,True,eligible
CA_1,HOUSEHOLD_1_185,True,2013-10-26,582,True,eligible
CA_1,HOUSEHOLD_1_197,True,2011-01-29,1583,True,eligible
CA_1,HOUSEHOLD_1_199,True,2011-07-23,1408,True,eligible
CA_1,HOUSEHOLD_1_242,True,2015-05-02,29,False,less_than_180_days_at_training_cutoff
CA_1,HOUSEHOLD_1_272,True,2011-01-29,1583,True,eligible
CA_1,HOUSEHOLD_1_439,True,2011-01-29,1583,True,eligible
CA_1,HOUSEHOLD_1_485,True,2011-01-29,1583,True,eligible
CA_1,HOUSEHOLD_2_014,True,2011-01-29,1583,True,eligible
CA_1,HOUSEHOLD_2_034,True,2011-01-29,1583,True,eligible
CA_1,HOUSEHOLD_2_076,True,2011-01-29,1583,True,eligible
CA_1,HOUSEHOLD_2_087,True,2011-08-13,1387,True,eligible
CA_1,HOUSEHOLD_2_118,True,2012-12-01,911,True,eligible
CA_1,HOUSEHOLD_2_175,True,2014-05-03,393,True,eligible
CA_1,HOUSEHOLD_2_266,True,2013-06-08,722,True,eligible
CA_1,HOUSEHOLD_2_295,True,2011-01-29,1583,True,eligible
CA_1,HOUSEHOLD_2_315,True,2011-01-29,1583,True,eligible
CA_1,HOUSEHOLD_2_323,True,2013-02-16,834,True,eligible
CA_1,HOUSEHOLD_2_409,True,2011-04-16,1506,True,eligible
TX_1,FOODS_1_048,True,2011-10-29,1310,True,eligible
TX_1,FOODS_1_098,True,2012-09-15,988,True,eligible
TX_1,FOODS_1_111,True,2014-06-07,358,True,eligible
TX_1,FOODS_1_160,True,2014-12-27,155,False,less_than_180_days_at_training_cutoff
TX_1,FOODS_2_011,True,2011-01-29,1583,True,eligible
TX_1,FOODS_2_030,True,2011-01-29,1583,True,eligible
TX_1,FOODS_2_037,True,2011-01-29,1583,True,eligible
TX_1,FOODS_2_091,True,2014-04-12,414,True,eligible
TX_1,FOODS_2_175,True,2013-06-29,701,True,eligible
TX_1,FOODS_2_276,True,2011-01-29,1583,True,eligible
TX_1,FOODS_3_087,True,2013-05-11,750,True,eligible
TX_1,FOODS_3_289,True,2011-01-29,1583,True,eligible
TX_1,FOODS_3_329,True,2012-12-08,904,True,eligible
TX_1,FOODS_3_413,True,2011-08-13,1387,True,eligible
TX_1,FOODS_3_478,True,2011-01-29,1583,True,eligible
TX_1,FOODS_3_530,True,2012-08-25,1009,True,eligible
TX_1,FOODS_3_603,True,2014-02-15,470,True,eligible
TX_1,FOODS_3_679,True,2011-01-29,1583,True,eligible
TX_1,FOODS_3_686,True,2011-01-29,1583,True,eligible
TX_1,FOODS_3_691,True,2014-03-22,435,True,eligible
TX_1,HOBBIES_1_008,True,2011-01-29,1583,True,eligible
TX_1,HOBBIES_1_056,True,2013-03-30,792,True,eligible
TX_1,HOBBIES_1_066,True,2013-08-03,666,True,eligible
TX_1,HOBBIES_1_074,True,2011-03-19,1534,True,eligible
TX_1,HOBBIES_1_095,True,2012-02-18,1198,True,eligible
TX_1,HOBBIES_1_097,True,2011-01-29,1583,True,eligible
TX_1,HOBBIES_1_112,True,2011-02-05,1576,True,eligible
TX_1,HOBBIES_1_142,True,2011-11-19,1289,True,eligible
TX_1,HOBBIES_1_153,True,2011-12-31,1247,True,eligible
TX_1,HOBBIES_1_198,True,2012-07-07,1058,True,eligible
TX_1,HOBBIES_1_203,True,2013-09-07,631,True,eligible
TX_1,HOBBIES_1_232,True,2015-01-17,134,False,less_than_180_days_at_training_cutoff
TX_1,HOBBIES_1_261,True,2011-01-29,1583,True,eligible
TX_1,HOBBIES_1_265,True,2012-04-28,1128,True,eligible
TX_1,HOBBIES_1_285,True,2012-02-25,1191,True,eligible
TX_1,HOBBIES_1_290,True,2011-01-29,1583,True,eligible
TX_1,HOBBIES_1_331,True,2012-02-25,1191,True,eligible
TX_1,HOBBIES_1_351,True,2011-01-29,1583,True,eligible
TX_1,HOBBIES_2_043,True,2014-05-17,379,True,eligible
TX_1,HOBBIES_2_091,True,2014-01-11,505,True,eligible
TX_1,HOUSEHOLD_1_016,True,2011-01-29,1583,True,eligible
TX_1,HOUSEHOLD_1_117,True,2011-02-05,1576,True,eligible
TX_1,HOUSEHOLD_1_185,True,2013-09-14,624,True,eligible
TX_1,HOUSEHOLD_1_197,True,2011-01-29,1583,True,eligible
TX_1,HOUSEHOLD_1_199,True,2011-07-16,1415,True,eligible
TX_1,HOUSEHOLD_1_242,True,2015-07-11,-41,False,less_than_180_days_at_training_cutoff
TX_1,HOUSEHOLD_1_272,True,2011-01-29,1583,True,eligible
TX_1,HOUSEHOLD_1_439,True,2011-01-29,1583,True,eligible
TX_1,HOUSEHOLD_1_485,True,2011-01-29,1583,True,eligible
TX_1,HOUSEHOLD_2_014,True,2011-02-05,1576,True,eligible
TX_1,HOUSEHOLD_2_034,True,2011-01-29,1583,True,eligible
TX_1,HOUSEHOLD_2_076,True,2011-01-29,1583,True,eligible
TX_1,HOUSEHOLD_2_087,True,2011-02-05,1576,True,eligible
TX_1,HOUSEHOLD_2_118,True,2012-12-22,890,True,eligible
TX_1,HOUSEHOLD_2_175,True,2014-05-10,386,True,eligible
TX_1,HOUSEHOLD_2_266,True,2013-05-11,750,True,eligible
TX_1,HOUSEHOLD_2_295,True,2011-01-29,1583,True,eligible
TX_1,HOUSEHOLD_2_315,True,2011-01-29,1583,True,eligible
TX_1,HOUSEHOLD_2_323,True,2012-12-15,897,True,eligible
TX_1,HOUSEHOLD_2_409,True,2011-05-14,1478,True,eligible
WI_1,FOODS_1_048,True,2011-12-03,1275,True,eligible
WI_1,FOODS_1_098,True,2012-09-15,988,True,eligible
WI_1,FOODS_1_111,True,2014-06-07,358,True,eligible
WI_1,FOODS_1_160,True,2014-12-20,162,False,less_than_180_days_at_training_cutoff
WI_1,FOODS_2_011,True,2012-10-20,953,True,eligible
WI_1,FOODS_2_030,True,2012-03-03,1184,True,eligible
WI_1,FOODS_2_037,True,2012-11-10,932,True,eligible
WI_1,FOODS_2_091,True,2014-04-12,414,True,eligible
WI_1,FOODS_2_175,True,2012-12-29,883,True,eligible
WI_1,FOODS_2_276,True,2011-01-29,1583,True,eligible
WI_1,FOODS_3_087,True,2013-05-18,743,True,eligible
WI_1,FOODS_3_289,True,2011-01-29,1583,True,eligible
WI_1,FOODS_3_329,True,2012-12-01,911,True,eligible
WI_1,FOODS_3_413,True,2011-08-20,1380,True,eligible
WI_1,FOODS_3_478,True,2012-01-07,1240,True,eligible
WI_1,FOODS_3_530,True,2012-08-18,1016,True,eligible
WI_1,FOODS_3_603,True,2014-02-08,477,True,eligible
WI_1,FOODS_3_679,True,2011-02-05,1576,True,eligible
WI_1,FOODS_3_686,True,2012-10-20,953,True,eligible
WI_1,FOODS_3_691,True,2014-04-05,421,True,eligible
WI_1,HOBBIES_1_008,True,2011-01-29,1583,True,eligible
WI_1,HOBBIES_1_056,True,2013-03-02,820,True,eligible
WI_1,HOBBIES_1_066,True,2013-08-03,666,True,eligible
WI_1,HOBBIES_1_074,True,2011-01-29,1583,True,eligible
WI_1,HOBBIES_1_095,True,2012-02-11,1205,True,eligible
WI_1,HOBBIES_1_097,True,2011-01-29,1583,True,eligible
WI_1,HOBBIES_1_112,True,2011-01-29,1583,True,eligible
WI_1,HOBBIES_1_142,True,2011-12-31,1247,True,eligible
WI_1,HOBBIES_1_153,True,2011-12-31,1247,True,eligible
WI_1,HOBBIES_1_198,True,2012-07-14,1051,True,eligible
WI_1,HOBBIES_1_203,True,2013-09-21,617,True,eligible
WI_1,HOBBIES_1_232,True,2015-01-03,148,False,less_than_180_days_at_training_cutoff
WI_1,HOBBIES_1_261,True,2012-07-07,1058,True,eligible
WI_1,HOBBIES_1_265,True,2012-05-19,1107,True,eligible
WI_1,HOBBIES_1_285,True,2012-03-03,1184,True,eligible
WI_1,HOBBIES_1_290,True,2011-01-29,1583,True,eligible
WI_1,HOBBIES_1_331,True,2012-02-11,1205,True,eligible
WI_1,HOBBIES_1_351,True,2011-01-29,1583,True,eligible
WI_1,HOBBIES_2_043,True,2014-05-10,386,True,eligible
WI_1,HOBBIES_2_091,True,2013-04-27,764,True,eligible
WI_1,HOUSEHOLD_1_016,True,2011-01-29,1583,True,eligible
WI_1,HOUSEHOLD_1_117,True,2011-01-29,1583,True,eligible
WI_1,HOUSEHOLD_1_185,True,2014-02-22,463,True,eligible
WI_1,HOUSEHOLD_1_197,True,2011-01-29,1583,True,eligible
WI_1,HOUSEHOLD_1_199,True,2011-07-30,1401,True,eligible
WI_1,HOUSEHOLD_1_242,True,2015-04-04,57,False,less_than_180_days_at_training_cutoff
WI_1,HOUSEHOLD_1_272,True,2011-01-29,1583,True,eligible
WI_1,HOUSEHOLD_1_439,True,2011-01-29,1583,True,eligible
WI_1,HOUSEHOLD_1_485,True,2011-02-12,1569,True,eligible
WI_1,HOUSEHOLD_2_014,True,2011-01-29,1583,True,eligible
WI_1,HOUSEHOLD_2_034,True,2011-02-05,1576,True,eligible
WI_1,HOUSEHOLD_2_076,True,2011-01-29,1583,True,eligible
WI_1,HOUSEHOLD_2_087,True,2011-02-05,1576,True,eligible
WI_1,HOUSEHOLD_2_118,True,2013-01-05,876,True,eligible
WI_1,HOUSEHOLD_2_175,True,2014-05-03,393,True,eligible
WI_1,HOUSEHOLD_2_266,True,2013-03-23,799,True,eligible
WI_1,HOUSEHOLD_2_295,True,2011-01-29,1583,True,eligible
WI_1,HOUSEHOLD_2_315,True,2011-01-29,1583,True,eligible
WI_1,HOUSEHOLD_2_323,True,2013-02-09,841,True,eligible
WI_1,HOUSEHOLD_2_409,True,2011-04-09,1513,True,eligible
