store,horizon,pattern,method,MAE_total_units,WAPE_percent,bias_percent,windows,rows
CA_1,7,dormant,cautious_group_route,0.5042769076701786,352.993835369125,233.26864601112902,19,21
CA_1,7,dormant,croston_sba,1.3125298241494947,918.7708769046462,856.6377899624132,19,21
CA_1,7,dormant,direct_general,0.5042769076701786,352.993835369125,233.26864601112902,19,21
CA_1,7,dormant,direct_personalized,0.5198037156036922,363.86260092258453,244.50493218998113,19,21
CA_1,7,dormant,mean_28,0.14285714285714285,100.0,-100.0,19,21
CA_1,7,dormant,mean_7,0.14285714285714285,100.0,-100.0,19,21
CA_1,7,dormant,tsb,0.14285714294975108,100.00000006482576,-99.99999981630988,19,21
CA_1,7,occasional,cautious_group_route,3.3964225395793353,40.368122144797766,2.6254199903367876,24,822
CA_1,7,occasional,croston_sba,4.201020753725493,49.931160491069335,7.943251443479581,24,822
CA_1,7,occasional,direct_general,3.3964225395793353,40.368122144797766,2.6254199903367876,24,822
CA_1,7,occasional,direct_personalized,3.428615371948176,40.7507495046472,3.1622018247084385,24,822
CA_1,7,occasional,mean_28,3.5550486653671576,42.253470256388134,2.982215136515829,24,822
CA_1,7,occasional,mean_7,3.991484195791602,47.44071730683483,1.0844425422701276,24,822
CA_1,7,occasional,tsb,3.56294454381586,42.347316584971615,4.596879688508976,24,822
CA_1,7,rare,cautious_group_route,1.0869117948465092,79.29331704339297,-16.646901956551226,24,294
CA_1,7,rare,croston_sba,1.502979901420024,109.64667270905386,-4.681884408700992,24,294
CA_1,7,rare,direct_general,1.2875768258394737,93.93240367166383,5.220020047063123,24,294
CA_1,7,rare,direct_personalized,1.2962016518113717,94.56160933810007,6.9455828201071945,24,294
CA_1,7,rare,mean_28,1.0739795922422084,78.34987596010156,-22.642679270310673,24,294
CA_1,7,rare,mean_7,1.227891167461061,89.57816457408238,-13.1513627712839,24,294
CA_1,7,rare,tsb,1.0869117948465092,79.29331704339297,-16.646901956551226,24,294
CA_1,7,regular,cautious_group_route,13.118680119982375,30.27387719995933,-7.37238815056374,24,207
CA_1,7,regular,croston_sba,13.592241427231848,31.36671098591965,-4.2909360893710415,24,207
CA_1,7,regular,direct_general,13.118680119982375,30.27387719995933,-7.37238815056374,24,207
CA_1,7,regular,direct_personalized,13.013747363778704,30.031724685643162,-3.693099839066715,24,207
CA_1,7,regular,mean_28,13.364734319961013,30.841694584525417,-1.9955405974999452,24,207
CA_1,7,regular,mean_7,15.280193273931886,35.26198447830435,-2.798216245412295,24,207
CA_1,7,regular,tsb,13.79200849492285,31.827711911360424,-0.07954917470338113,24,207
CA_1,28,dormant,cautious_group_route,3.1281259551644327,521.3543258607388,521.3543258607388,5,5
CA_1,28,dormant,croston_sba,5.1795591310916205,863.2598551819368,863.2598551819368,5,5
CA_1,28,dormant,direct_general,3.1281259551644327,521.3543258607388,521.3543258607388,5,5
CA_1,28,dormant,direct_personalized,3.5758684694767,595.9780782461166,525.1649051904678,5,5
CA_1,28,dormant,mean_28,0.6,100.0,-100.0,5,5
CA_1,28,dormant,mean_7,0.6,100.0,-100.0,5,5
CA_1,28,dormant,tsb,0.6,100.0,-100.0,5,5
CA_1,28,occasional,cautious_group_route,10.92539981116609,32.83546344068389,4.74785001414068,6,205
CA_1,28,occasional,croston_sba,11.85158211294236,35.619034352047855,10.007757450221046,6,205
CA_1,28,occasional,direct_general,10.92539981116609,32.83546344068389,4.74785001414068,6,205
CA_1,28,occasional,direct_personalized,11.122982998010588,33.429284776310965,5.286391057361347,6,205
CA_1,28,occasional,mean_28,11.814634216340577,35.50799024116432,6.098812692038843,6,205
CA_1,28,occasional,mean_7,14.024390167143286,42.14924474804829,5.145873500531483,6,205
CA_1,28,occasional,tsb,10.725860976579444,32.235764553566725,8.393225749206094,6,205
CA_1,28,rare,cautious_group_route,3.0522454374569596,53.43259398905469,-27.358638198455836,6,73
CA_1,28,rare,croston_sba,4.951629384841284,86.68320026220952,-9.049639287261366,6,73
CA_1,28,rare,direct_general,4.474091540358654,78.32342504704599,20.651091504797375,6,73
CA_1,28,rare,direct_personalized,5.128279158309715,89.77563034930675,32.34214408577775,6,73
CA_1,28,rare,mean_28,2.917808225710098,51.07913680499692,-27.577936913755586,6,73
CA_1,28,rare,mean_7,3.8219178090356802,66.90647483443756,-29.976017455117024,6,73
CA_1,28,rare,tsb,3.0522454374569596,53.43259398905469,-27.358638198455836,6,73
CA_1,28,regular,cautious_group_route,37.457948520498455,21.93427545670554,-10.557641440130126,6,53
CA_1,28,regular,croston_sba,35.62848871893931,20.862997482087984,-8.638840340882584,6,53
CA_1,28,regular,direct_general,37.457948520498455,21.93427545670554,-10.557641440130126,6,53
CA_1,28,regular,direct_personalized,35.367582466242446,20.71021843675671,-6.745813764428424,6,53
CA_1,28,regular,mean_28,33.49056571384646,19.61109250727944,-1.0496076095592857,6,53
CA_1,28,regular,mean_7,48.96226430389116,28.670865187340976,-17.93172018341749,6,53
CA_1,28,regular,tsb,33.71029484956807,19.73975944124525,-3.4859538764914757,6,53
TX_1,7,dormant,cautious_group_route,0.5058561838365027,442.62416085693985,274.80213625822216,21,35
TX_1,7,dormant,croston_sba,0.5665880110200796,495.76450964256964,348.5487170842303,21,35
TX_1,7,dormant,direct_general,0.5058561838365027,442.62416085693985,274.80213625822216,21,35
TX_1,7,dormant,direct_personalized,0.5259449594787189,460.20183954387903,297.93469151481986,21,35
TX_1,7,dormant,mean_28,0.11428571428571428,100.0,-100.0,21,35
TX_1,7,dormant,mean_7,0.11428571428571428,100.0,-100.0,21,35
TX_1,7,dormant,tsb,0.11428571444218108,100.00000013690844,-99.99999986308178,21,35
TX_1,7,occasional,cautious_group_route,3.0973500666568183,44.232217282762626,1.3516532982109966,24,808
TX_1,7,occasional,croston_sba,3.5559809392802495,50.78177092503432,0.8541518917895702,24,808
TX_1,7,occasional,direct_general,3.0973500666568183,44.232217282762626,1.3516532982109966,24,808
TX_1,7,occasional,direct_personalized,3.138068237056089,44.81369981515235,1.1565762112748712,24,808
TX_1,7,occasional,mean_28,3.2766089035373294,46.792152599119156,0.14139270174888893,24,808
TX_1,7,occasional,mean_7,3.5569306976244888,50.79533410534795,0.1413934654399842,24,808
TX_1,7,occasional,tsb,3.1841657641088044,45.47200313538201,0.6370801214069841,24,808
TX_1,7,rare,cautious_group_route,1.0316882425364733,97.05692708222274,-4.44405378811138,24,397
TX_1,7,rare,croston_sba,0.948883506978699,89.26700290771173,-11.349543630534692,24,397
TX_1,7,rare,direct_general,1.0972901678407185,103.22848261439934,23.824730702406633,24,397
TX_1,7,rare,direct_personalized,1.1110914449092535,104.52684920117859,21.453450153851044,24,397
TX_1,7,rare,mean_28,0.9905541614730202,93.18720429023436,-7.049761201427164,24,397
TX_1,7,rare,mean_7,1.2267002747100908,115.4028457487929,-1.6587645874769201,24,397
TX_1,7,rare,tsb,1.0316882425364733,97.05692708222274,-4.44405378811138,24,397
TX_1,7,regular,cautious_group_route,9.905813221004792,30.046068537644864,-4.6913710176521,24,128
TX_1,7,regular,croston_sba,10.059107994018916,30.511038465270644,-6.363841640908676,24,128
TX_1,7,regular,direct_general,9.905813221004792,30.046068537644864,-4.6913710176521,24,128
TX_1,7,regular,direct_personalized,9.958562264102511,30.206065635192452,-3.791532419374769,24,128
TX_1,7,regular,mean_28,10.26757796946913,31.14336445715755,-2.577014401625683,24,128
TX_1,7,regular,mean_7,10.601562454598024,32.15639796655325,-2.5829381887664162,24,128
TX_1,7,regular,tsb,10.006753341829027,30.352237624505104,-1.9625744728878942,24,128
TX_1,28,dormant,cautious_group_route,3.7190738403134875,836.7916140705347,823.943804204464,6,9
TX_1,28,dormant,croston_sba,1.6953423517684831,381.4520291479087,352.2354132087165,6,9
TX_1,28,dormant,direct_general,3.7190738403134875,836.7916140705347,823.943804204464,6,9
TX_1,28,dormant,direct_personalized,5.040349466933145,1134.0786300599575,1134.0786300599575,6,9
TX_1,28,dormant,mean_28,0.4444444444444444,100.0,-100.0,6,9
TX_1,28,dormant,mean_7,0.4444444444444444,100.0,-100.0,6,9
TX_1,28,dormant,tsb,0.44444444474936984,100.0000000686082,-99.99999993103373,6,9
TX_1,28,occasional,cautious_group_route,9.12144403056343,32.14465621377901,4.2085887223419745,6,202
TX_1,28,occasional,croston_sba,10.701966959527798,37.714538133716246,1.4808255112725937,6,202
TX_1,28,occasional,direct_general,9.12144403056343,32.14465621377901,4.2085887223419745,6,202
TX_1,28,occasional,direct_personalized,9.295493301041056,32.75801896040288,3.21048449956281,6,202
TX_1,28,occasional,mean_28,10.673267207007006,37.61339804283698,1.0118626643021624,6,202
TX_1,28,occasional,mean_7,12.821782160808544,45.184926665794244,1.1863230733462171,6,202
TX_1,28,occasional,tsb,9.634592883611324,33.95303144608317,2.938417677814571,6,202
TX_1,28,rare,cautious_group_route,2.899849788437823,69.5121377857977,5.099180794844744,6,99
TX_1,28,rare,croston_sba,2.293773249232344,54.983910816949646,-7.0254833197504905,6,99
TX_1,28,rare,direct_general,3.0026262514669484,71.97578665744017,34.68360441396369,6,99
TX_1,28,rare,direct_personalized,3.0472369978223184,73.04514837394903,29.77109257375357,6,99
TX_1,28,rare,mean_28,2.626262642668955,62.95399555066019,-1.452782522823851,6,99
TX_1,28,rare,mean_7,4.171717268047911,100.00000230913878,1.6949186890812244,6,99
TX_1,28,rare,tsb,2.899849788437823,69.5121377857977,5.099180794844744,6,99
TX_1,28,regular,cautious_group_route,33.22472800128162,25.588238171865505,-8.782639114721874,6,32
TX_1,28,regular,croston_sba,32.97333139558279,25.394623457488553,-8.74402167503308,6,32
TX_1,28,regular,direct_general,33.22472800128162,25.588238171865505,-8.782639114721874,6,32
TX_1,28,regular,direct_personalized,32.375030318275094,24.933838030921855,-8.570659466168511,6,32
TX_1,28,regular,mean_28,34.68749886751175,26.714800571850205,-3.850782006512767,6,32
TX_1,28,regular,mean_7,32.15625048801303,24.765343336135185,-7.292418413931139,6,32
TX_1,28,regular,tsb,31.618212660397674,24.350970039295444,-4.7661529681295915,6,32
WI_1,7,dormant,cautious_group_route,0.5799229896937808,289.9614948468904,127.25303107872605,15,15
WI_1,7,dormant,croston_sba,1.1549762084290256,577.4881042145128,450.94781255520707,15,15
WI_1,7,dormant,direct_general,0.5799229896937808,289.9614948468904,127.25303107872605,15,15
WI_1,7,dormant,direct_personalized,0.5338507430627942,266.9253715313971,95.72521432613333,15,15
WI_1,7,dormant,mean_28,0.2,100.0,-100.0,15,15
WI_1,7,dormant,mean_7,0.2,100.0,-100.0,15,15
WI_1,7,dormant,tsb,0.2,100.0,-100.0,15,15
WI_1,7,occasional,cautious_group_route,3.169339557306066,38.03880721992411,-1.7531849497823373,24,904
WI_1,7,occasional,croston_sba,3.3444812050827046,40.140879041353756,-3.2402055008235124,24,904
WI_1,7,occasional,direct_general,3.169339557306066,38.03880721992411,-1.7531849497823373,24,904
WI_1,7,occasional,direct_personalized,3.171238426926785,38.06159768908409,-2.6033553526802575,24,904
WI_1,7,occasional,mean_28,3.2552544234518326,39.069968120027305,-1.2845195047418867,24,904
WI_1,7,occasional,mean_7,3.948008865200445,47.384493018337785,-0.9691972451693064,24,904
WI_1,7,occasional,tsb,3.3026395656774703,39.638690485560716,0.20359223800308313,24,904
WI_1,7,rare,cautious_group_route,1.0467063650786008,86.2739791822362,-11.16535650895767,24,272
WI_1,7,rare,croston_sba,1.12180901469284,92.46425818074316,-20.320149148027046,24,272
WI_1,7,rare,direct_general,1.1361244744963614,93.64419911000313,14.55709746107459,24,272
WI_1,7,rare,direct_personalized,1.2037642909391948,99.21935973801848,19.419378717853263,24,272
WI_1,7,rare,mean_28,1.072610298253815,88.40909125001141,-12.651514051990075,24,272
WI_1,7,rare,mean_7,1.191176496226998,98.18182029507376,-6.060603631265236,24,272
WI_1,7,rare,tsb,1.0467063650786008,86.2739791822362,-11.16535650895767,24,272
WI_1,7,regular,cautious_group_route,7.961671219959771,22.22387329968269,-3.277767473704581,24,177
WI_1,7,regular,croston_sba,8.070198464125859,22.52681167245351,-3.0017009717219976,24,177
WI_1,7,regular,direct_general,7.961671219959771,22.22387329968269,-3.277767473704581,24,177
WI_1,7,regular,direct_personalized,8.006738224440376,22.349671435514058,-4.164244317515869,24,177
WI_1,7,regular,mean_28,8.129943458373937,22.693581329950906,-0.6229305169575223,24,177
WI_1,7,regular,mean_7,9.367231727319922,26.147295627434573,-1.2300896655872142,24,177
WI_1,7,regular,tsb,8.038631500478981,22.438696981308617,1.261603481395366,24,177
WI_1,28,dormant,cautious_group_route,3.4723642207682133,462.98189610242844,462.98189610242844,4,4
WI_1,28,dormant,croston_sba,3.6575825004416576,487.6776667255544,487.6776667255544,4,4
WI_1,28,dormant,direct_general,3.4723642207682133,462.98189610242844,462.98189610242844,4,4
WI_1,28,dormant,direct_personalized,2.285336598753929,304.71154650052387,304.71154650052387,4,4
WI_1,28,dormant,mean_28,0.75,100.0,-100.0,4,4
WI_1,28,dormant,mean_7,0.75,100.0,-100.0,4,4
WI_1,28,dormant,tsb,0.75,100.0,-100.0,4,4
WI_1,28,occasional,cautious_group_route,8.913393453160921,26.81884898316672,-3.617487943652289,6,225
WI_1,28,occasional,croston_sba,9.528352504067707,28.669153696379166,-7.257730244312358,6,225
WI_1,28,occasional,direct_general,8.913393453160921,26.81884898316672,-3.617487943652289,6,225
WI_1,28,occasional,direct_personalized,9.267050258715948,27.88294073563905,-2.831233733396665,6,225
WI_1,28,occasional,mean_28,8.928888912333383,26.865472121891028,-2.286707811749023,6,225
WI_1,28,occasional,mean_7,12.675555624167124,38.138539922942,-8.531692029480375,6,225
WI_1,28,occasional,tsb,9.237737866210837,27.79474485019308,-3.5916507678390674,6,225
WI_1,28,rare,cautious_group_route,2.998905742769526,54.81870712589456,-19.77699275428405,6,68
WI_1,28,rare,croston_sba,3.5418872130546255,64.74417486228886,-28.99789362959065,6,68
WI_1,28,rare,direct_general,3.5119013182599756,64.1960456026017,18.387175525628752,6,68
WI_1,28,rare,direct_personalized,4.703883858726305,85.98497376166364,39.15227096407644,6,68
WI_1,28,rare,mean_28,3.3235294334590435,60.752688568606175,-20.967740785851273,6,68
WI_1,28,rare,mean_7,3.882353010423043,70.96774320128144,-21.505374629651346,6,68
WI_1,28,rare,tsb,2.998905742769526,54.81870712589456,-19.77699275428405,6,68
WI_1,28,regular,cautious_group_route,23.14338314400779,16.39307793924682,-5.178988528743272,6,45
WI_1,28,regular,croston_sba,25.595649672568204,18.13008398025451,-5.845465471484838,6,45
WI_1,28,regular,direct_general,23.14338314400779,16.39307793924682,-5.178988528743272,6,45
WI_1,28,regular,direct_personalized,23.38421283695433,16.563664058916178,-6.084631333928324,6,45
WI_1,28,regular,mean_28,23.755556064181857,16.826696409384283,0.7712887043880137,6,45
WI_1,28,regular,mean_7,34.24444450802273,24.256256931544513,-9.145285616742145,6,45
WI_1,28,regular,tsb,25.948610533032255,18.380095608160737,-1.4140367914549978,6,45
