horizon,origin,window_end,products,store
7,2015-12-01,2015-12-07,56,CA_1
7,2015-12-08,2015-12-14,56,CA_1
7,2015-12-15,2015-12-21,56,CA_1
7,2015-12-22,2015-12-28,56,CA_1
7,2015-12-29,2016-01-04,56,CA_1
7,2016-01-05,2016-01-11,56,CA_1
7,2016-01-12,2016-01-18,56,CA_1
7,2016-01-19,2016-01-25,56,CA_1
7,2016-01-26,2016-02-01,56,CA_1
7,2016-02-02,2016-02-08,56,CA_1
7,2016-02-09,2016-02-15,56,CA_1
7,2016-02-16,2016-02-22,56,CA_1
7,2016-02-23,2016-02-29,56,CA_1
7,2016-03-01,2016-03-07,56,CA_1
7,2016-03-08,2016-03-14,56,CA_1
7,2016-03-15,2016-03-21,56,CA_1
7,2016-03-22,2016-03-28,56,CA_1
7,2016-03-29,2016-04-04,56,CA_1
7,2016-04-05,2016-04-11,56,CA_1
7,2016-04-12,2016-04-18,56,CA_1
7,2016-04-19,2016-04-25,56,CA_1
7,2016-04-26,2016-05-02,56,CA_1
7,2016-05-03,2016-05-09,56,CA_1
7,2016-05-10,2016-05-16,56,CA_1
28,2015-12-01,2015-12-28,56,CA_1
28,2015-12-29,2016-01-25,56,CA_1
28,2016-01-26,2016-02-22,56,CA_1
28,2016-02-23,2016-03-21,56,CA_1
28,2016-03-22,2016-04-18,56,CA_1
28,2016-04-19,2016-05-16,56,CA_1
7,2015-12-01,2015-12-07,57,TX_1
7,2015-12-08,2015-12-14,57,TX_1
7,2015-12-15,2015-12-21,57,TX_1
7,2015-12-22,2015-12-28,57,TX_1
7,2015-12-29,2016-01-04,57,TX_1
7,2016-01-05,2016-01-11,57,TX_1
7,2016-01-12,2016-01-18,57,TX_1
7,2016-01-19,2016-01-25,57,TX_1
7,2016-01-26,2016-02-01,57,TX_1
7,2016-02-02,2016-02-08,57,TX_1
7,2016-02-09,2016-02-15,57,TX_1
7,2016-02-16,2016-02-22,57,TX_1
7,2016-02-23,2016-02-29,57,TX_1
7,2016-03-01,2016-03-07,57,TX_1
7,2016-03-08,2016-03-14,57,TX_1
7,2016-03-15,2016-03-21,57,TX_1
7,2016-03-22,2016-03-28,57,TX_1
7,2016-03-29,2016-04-04,57,TX_1
7,2016-04-05,2016-04-11,57,TX_1
7,2016-04-12,2016-04-18,57,TX_1
7,2016-04-19,2016-04-25,57,TX_1
7,2016-04-26,2016-05-02,57,TX_1
7,2016-05-03,2016-05-09,57,TX_1
7,2016-05-10,2016-05-16,57,TX_1
28,2015-12-01,2015-12-28,57,TX_1
28,2015-12-29,2016-01-25,57,TX_1
28,2016-01-26,2016-02-22,57,TX_1
28,2016-02-23,2016-03-21,57,TX_1
28,2016-03-22,2016-04-18,57,TX_1
28,2016-04-19,2016-05-16,57,TX_1
7,2015-12-01,2015-12-07,57,WI_1
7,2015-12-08,2015-12-14,57,WI_1
7,2015-12-15,2015-12-21,57,WI_1
7,2015-12-22,2015-12-28,57,WI_1
7,2015-12-29,2016-01-04,57,WI_1
7,2016-01-05,2016-01-11,57,WI_1
7,2016-01-12,2016-01-18,57,WI_1
7,2016-01-19,2016-01-25,57,WI_1
7,2016-01-26,2016-02-01,57,WI_1
7,2016-02-02,2016-02-08,57,WI_1
7,2016-02-09,2016-02-15,57,WI_1
7,2016-02-16,2016-02-22,57,WI_1
7,2016-02-23,2016-02-29,57,WI_1
7,2016-03-01,2016-03-07,57,WI_1
7,2016-03-08,2016-03-14,57,WI_1
7,2016-03-15,2016-03-21,57,WI_1
7,2016-03-22,2016-03-28,57,WI_1
7,2016-03-29,2016-04-04,57,WI_1
7,2016-04-05,2016-04-11,57,WI_1
7,2016-04-12,2016-04-18,57,WI_1
7,2016-04-19,2016-04-25,57,WI_1
7,2016-04-26,2016-05-02,57,WI_1
7,2016-05-03,2016-05-09,57,WI_1
7,2016-05-10,2016-05-16,57,WI_1
28,2015-12-01,2015-12-28,57,WI_1
28,2015-12-29,2016-01-25,57,WI_1
28,2016-01-26,2016-02-22,57,WI_1
28,2016-02-23,2016-03-21,57,WI_1
28,2016-03-22,2016-04-18,57,WI_1
28,2016-04-19,2016-05-16,57,WI_1
