product_name,category,price,quantity,sale_date,revenue
SAMSUNG_GALAXY_A54,Mobiles & Tablets,12832.83,9,2026-02-10,115495.47
SAMSUNG_GALAXY_A54,Mobiles & Tablets,12698.44,8,2026-02-11,101587.52
SAMSUNG_GALAXY_A54,Mobiles & Tablets,12153.58,8,2026-02-12,97228.64
SAMSUNG_GALAXY_A54,Mobiles & Tablets,12968.08,7,2026-02-13,90776.56
SAMSUNG_GALAXY_A54,Mobiles & Tablets,12115.79,10,2026-02-14,121157.9
SAMSUNG_GALAXY_A54,Mobiles & Tablets,13072.63,9,2026-02-15,117653.67
SAMSUNG_GALAXY_A54,Mobiles & Tablets,12278.31,7,2026-02-16,85948.17
SAMSUNG_GALAXY_A54,Mobiles & Tablets,12279.9,9,2026-02-17,110519.1
SAMSUNG_GALAXY_A54,Mobiles & Tablets,12530.41,9,2026-02-18,112773.69
SAMSUNG_GALAXY_A54,Mobiles & Tablets,12388.58,6,2026-02-19,74331.48
SAMSUNG_GALAXY_A54,Mobiles & Tablets,12389.5,6,2026-02-20,74337.0
SAMSUNG_GALAXY_A54,Mobiles & Tablets,12464.3,8,2026-02-21,99714.4
SAMSUNG_GALAXY_A54,Mobiles & Tablets,12296.3,10,2026-02-22,122963.0
SAMSUNG_GALAXY_A54,Mobiles & Tablets,12613.35,8,2026-02-23,100906.8
SAMSUNG_GALAXY_A54,Mobiles & Tablets,12707.4,7,2026-02-24,88951.8
SAMSUNG_GALAXY_A54,Mobiles & Tablets,12266.91,9,2026-02-25,110402.19
SAMSUNG_GALAXY_A54,Mobiles & Tablets,12784.69,8,2026-02-26,102277.52
SAMSUNG_GALAXY_A54,Mobiles & Tablets,12538.68,7,2026-02-27,87770.76
SAMSUNG_GALAXY_A54,Mobiles & Tablets,12129.7,7,2026-02-28,84907.9
SAMSUNG_GALAXY_A54,Mobiles & Tablets,13011.56,8,2026-03-01,104092.48
SAMSUNG_GALAXY_A54,Mobiles & Tablets,12409.22,13,2026-03-02,161319.86
SAMSUNG_GALAXY_A54,Mobiles & Tablets,12619.23,9,2026-03-03,113573.07
SAMSUNG_GALAXY_A54,Mobiles & Tablets,13072.3,9,2026-03-04,117650.7
SAMSUNG_GALAXY_A54,Mobiles & Tablets,12876.31,12,2026-03-05,154515.72
SAMSUNG_GALAXY_A54,Mobiles & Tablets,12184.23,13,2026-03-06,158394.99
SAMSUNG_GALAXY_A54,Mobiles & Tablets,12292.58,10,2026-03-07,122925.8
SAMSUNG_GALAXY_A54,Mobiles & Tablets,12486.8,10,2026-03-08,124868.0
SAMSUNG_GALAXY_A54,Mobiles & Tablets,12368.54,10,2026-03-09,123685.4
SAMSUNG_GALAXY_A54,Mobiles & Tablets,12378.2,10,2026-03-10,123782.0
SAMSUNG_GALAXY_A54,Mobiles & Tablets,12642.03,15,2026-03-11,189630.45
SAMSUNG_GALAXY_A54,Mobiles & Tablets,12170.18,13,2026-03-12,158212.34
SAMSUNG_GALAXY_A54,Mobiles & Tablets,13089.74,10,2026-03-13,130897.4
SAMSUNG_GALAXY_A54,Mobiles & Tablets,12100.61,9,2026-03-14,108905.49
SAMSUNG_GALAXY_A54,Mobiles & Tablets,12916.96,12,2026-03-15,155003.52
SAMSUNG_GALAXY_A54,Mobiles & Tablets,12872.42,14,2026-03-16,180213.88
SAMSUNG_GALAXY_A54,Mobiles & Tablets,12169.67,14,2026-03-17,170375.38
SAMSUNG_GALAXY_A54,Mobiles & Tablets,12964.98,10,2026-03-18,129649.8
SAMSUNG_GALAXY_A54,Mobiles & Tablets,12723.27,11,2026-03-19,139955.97
SAMSUNG_GALAXY_A54,Mobiles & Tablets,12408.49,10,2026-03-20,124084.9
SAMSUNG_GALAXY_A54,Mobiles & Tablets,12422.8,10,2026-03-21,124228.0
SAMSUNG_GALAXY_A54,Mobiles & Tablets,12989.28,12,2026-03-22,155871.36
SAMSUNG_GALAXY_A54,Mobiles & Tablets,12570.99,15,2026-03-23,188564.85
SAMSUNG_GALAXY_A54,Mobiles & Tablets,12861.85,12,2026-03-24,154342.2
SAMSUNG_GALAXY_A54,Mobiles & Tablets,12660.76,10,2026-03-25,126607.6
SAMSUNG_GALAXY_A54,Mobiles & Tablets,12621.91,12,2026-03-26,151462.92
SAMSUNG_GALAXY_A54,Mobiles & Tablets,12525.97,15,2026-03-27,187889.55
SAMSUNG_GALAXY_A54,Mobiles & Tablets,12411.89,10,2026-03-28,124118.9
SAMSUNG_GALAXY_A54,Mobiles & Tablets,12607.64,10,2026-03-29,126076.4
SAMSUNG_GALAXY_A54,Mobiles & Tablets,12508.67,10,2026-03-30,125086.7
SAMSUNG_GALAXY_A54,Mobiles & Tablets,12856.58,12,2026-03-31,154278.96
SAMSUNG_GALAXY_A54,Mobiles & Tablets,13032.1,8,2026-04-01,104256.8
SAMSUNG_GALAXY_A54,Mobiles & Tablets,12909.56,9,2026-04-02,116186.04
SAMSUNG_GALAXY_A54,Mobiles & Tablets,12905.08,11,2026-04-03,141955.88
SAMSUNG_GALAXY_A54,Mobiles & Tablets,12283.09,9,2026-04-04,110547.81
SAMSUNG_GALAXY_A54,Mobiles & Tablets,12908.88,9,2026-04-05,116179.92
SAMSUNG_GALAXY_A54,Mobiles & Tablets,12998.23,11,2026-04-06,142980.53
SAMSUNG_GALAXY_A54,Mobiles & Tablets,12324.78,8,2026-04-07,98598.24
SAMSUNG_GALAXY_A54,Mobiles & Tablets,12525.53,9,2026-04-08,112729.77
SAMSUNG_GALAXY_A54,Mobiles & Tablets,12102.05,10,2026-04-09,121020.5
SAMSUNG_GALAXY_A54,Mobiles & Tablets,12609.83,9,2026-04-10,113488.47
SAMSUNG_GALAXY_A54,Mobiles & Tablets,12215.85,6,2026-04-11,73295.1
SAMSUNG_GALAXY_A54,Mobiles & Tablets,12435.33,8,2026-04-12,99482.64
SAMSUNG_GALAXY_A54,Mobiles & Tablets,12617.94,9,2026-04-13,113561.46
SAMSUNG_GALAXY_A54,Mobiles & Tablets,12803.63,10,2026-04-14,128036.3
SAMSUNG_GALAXY_A54,Mobiles & Tablets,13065.11,10,2026-04-15,130651.1
SAMSUNG_GALAXY_A54,Mobiles & Tablets,12348.82,10,2026-04-16,123488.2
SAMSUNG_GALAXY_A54,Mobiles & Tablets,12382.14,6,2026-04-17,74292.84
SAMSUNG_GALAXY_A54,Mobiles & Tablets,12132.22,8,2026-04-18,97057.76
SAMSUNG_GALAXY_A54,Mobiles & Tablets,12146.93,9,2026-04-19,109322.37
SAMSUNG_GALAXY_A54,Mobiles & Tablets,12375.89,15,2026-04-20,185638.35
SAMSUNG_GALAXY_A54,Mobiles & Tablets,12241.08,9,2026-04-21,110169.72
SAMSUNG_GALAXY_A54,Mobiles & Tablets,12588.37,10,2026-04-22,125883.7
SAMSUNG_GALAXY_A54,Mobiles & Tablets,12334.56,13,2026-04-23,160349.28
SAMSUNG_GALAXY_A54,Mobiles & Tablets,12829.02,10,2026-04-24,128290.2
SAMSUNG_GALAXY_A54,Mobiles & Tablets,12733.59,11,2026-04-25,140069.49
SAMSUNG_GALAXY_A54,Mobiles & Tablets,12635.06,6,2026-04-26,75810.36
SAMSUNG_GALAXY_A54,Mobiles & Tablets,12136.14,7,2026-04-27,84952.98
SAMSUNG_GALAXY_A54,Mobiles & Tablets,12690.61,8,2026-04-28,101524.88
SAMSUNG_GALAXY_A54,Mobiles & Tablets,12745.32,7,2026-04-29,89217.24
SAMSUNG_GALAXY_A54,Mobiles & Tablets,12270.79,10,2026-04-30,122707.9
SAMSUNG_GALAXY_A54,Mobiles & Tablets,13039.19,6,2026-05-01,78235.14
SAMSUNG_GALAXY_A54,Mobiles & Tablets,12233.65,10,2026-05-02,122336.5
SAMSUNG_GALAXY_A54,Mobiles & Tablets,13027.06,6,2026-05-03,78162.36
SAMSUNG_GALAXY_A54,Mobiles & Tablets,12979.33,7,2026-05-04,90855.31
SAMSUNG_GALAXY_A54,Mobiles & Tablets,12918.73,10,2026-05-05,129187.3
SAMSUNG_GALAXY_A54,Mobiles & Tablets,12654.64,7,2026-05-06,88582.48
SAMSUNG_GALAXY_A54,Mobiles & Tablets,12188.88,6,2026-05-07,73133.28
SAMSUNG_GALAXY_A54,Mobiles & Tablets,12999.36,8,2026-05-08,103994.88
SAMSUNG_GALAXY_A54,Mobiles & Tablets,12436.75,8,2026-05-09,99494.0
SAMSUNG_GALAXY_A54,Mobiles & Tablets,12447.02,9,2026-05-10,112023.18
SAMSUNG_GALAXY_A54,Mobiles & Tablets,12989.15,9,2026-05-11,116902.35
IPHONE_15_PRO,Mobiles & Tablets,327164.81,6,2026-02-10,1962988.86
IPHONE_15_PRO,Mobiles & Tablets,311337.7,5,2026-02-11,1556688.5
IPHONE_15_PRO,Mobiles & Tablets,330202.99,6,2026-02-12,1981217.94
IPHONE_15_PRO,Mobiles & Tablets,307329.58,5,2026-02-13,1536647.9
IPHONE_15_PRO,Mobiles & Tablets,311316.69,4,2026-02-14,1245266.76
IPHONE_15_PRO,Mobiles & Tablets,323890.21,7,2026-02-15,2267231.47
IPHONE_15_PRO,Mobiles & Tablets,312941.29,6,2026-02-16,1877647.74
IPHONE_15_PRO,Mobiles & Tablets,315530.23,4,2026-02-17,1262120.92
IPHONE_15_PRO,Mobiles & Tablets,326310.18,6,2026-02-18,1957861.08
IPHONE_15_PRO,Mobiles & Tablets,324034.89,7,2026-02-19,2268244.23
IPHONE_15_PRO,Mobiles & Tablets,321748.7,5,2026-02-20,1608743.5
IPHONE_15_PRO,Mobiles & Tablets,313989.18,4,2026-02-21,1255956.72
IPHONE_15_PRO,Mobiles & Tablets,313446.13,4,2026-02-22,1253784.52
IPHONE_15_PRO,Mobiles & Tablets,330036.39,5,2026-02-23,1650181.95
IPHONE_15_PRO,Mobiles & Tablets,323357.15,6,2026-02-24,1940142.9
IPHONE_15_PRO,Mobiles & Tablets,321968.74,5,2026-02-25,1609843.7
IPHONE_15_PRO,Mobiles & Tablets,319808.45,7,2026-02-26,2238659.15
IPHONE_15_PRO,Mobiles & Tablets,314387.77,6,2026-02-27,1886326.62
IPHONE_15_PRO,Mobiles & Tablets,307822.49,4,2026-02-28,1231289.96
IPHONE_15_PRO,Mobiles & Tablets,331275.74,5,2026-03-01,1656378.7
IPHONE_15_PRO,Mobiles & Tablets,331620.57,8,2026-03-02,2652964.56
IPHONE_15_PRO,Mobiles & Tablets,307595.69,7,2026-03-03,2153169.83
IPHONE_15_PRO,Mobiles & Tablets,330964.96,9,2026-03-04,2978684.64
IPHONE_15_PRO,Mobiles & Tablets,331868.67,8,2026-03-05,2654949.36
IPHONE_15_PRO,Mobiles & Tablets,329037.04,7,2026-03-06,2303259.28
IPHONE_15_PRO,Mobiles & Tablets,328989.1,5,2026-03-07,1644945.5
IPHONE_15_PRO,Mobiles & Tablets,315313.2,5,2026-03-08,1576566.0
IPHONE_15_PRO,Mobiles & Tablets,331165.56,7,2026-03-09,2318158.92
IPHONE_15_PRO,Mobiles & Tablets,325018.36,5,2026-03-10,1625091.8
IPHONE_15_PRO,Mobiles & Tablets,322944.19,6,2026-03-11,1937665.14
IPHONE_15_PRO,Mobiles & Tablets,332545.38,8,2026-03-12,2660363.04
IPHONE_15_PRO,Mobiles & Tablets,329660.75,7,2026-03-13,2307625.25
IPHONE_15_PRO,Mobiles & Tablets,326163.68,5,2026-03-14,1630818.4
IPHONE_15_PRO,Mobiles & Tablets,316402.97,8,2026-03-15,2531223.76
IPHONE_15_PRO,Mobiles & Tablets,314715.95,9,2026-03-16,2832443.55
IPHONE_15_PRO,Mobiles & Tablets,329397.05,8,2026-03-17,2635176.4
IPHONE_15_PRO,Mobiles & Tablets,330578.96,8,2026-03-18,2644631.68
IPHONE_15_PRO,Mobiles & Tablets,327636.36,8,2026-03-19,2621090.88
IPHONE_15_PRO,Mobiles & Tablets,323839.08,16,2026-03-20,5181425.28
IPHONE_15_PRO,Mobiles & Tablets,329984.14,8,2026-03-21,2639873.12
IPHONE_15_PRO,Mobiles & Tablets,315852.68,7,2026-03-22,2210968.76
IPHONE_15_PRO,Mobiles & Tablets,322003.97,6,2026-03-23,1932023.82
IPHONE_15_PRO,Mobiles & Tablets,308120.12,7,2026-03-24,2156840.84
IPHONE_15_PRO,Mobiles & Tablets,314535.46,12,2026-03-25,3774425.52
IPHONE_15_PRO,Mobiles & Tablets,322325.33,5,2026-03-26,1611626.65
IPHONE_15_PRO,Mobiles & Tablets,310452.75,6,2026-03-27,1862716.5
IPHONE_15_PRO,Mobiles & Tablets,320569.43,8,2026-03-28,2564555.44
IPHONE_15_PRO,Mobiles & Tablets,323146.0,6,2026-03-29,1938876.0
IPHONE_15_PRO,Mobiles & Tablets,309384.9,8,2026-03-30,2475079.2
IPHONE_15_PRO,Mobiles & Tablets,321040.26,7,2026-03-31,2247281.82
IPHONE_15_PRO,Mobiles & Tablets,323518.21,5,2026-04-01,1617591.05
IPHONE_15_PRO,Mobiles & Tablets,327556.77,4,2026-04-02,1310227.08
IPHONE_15_PRO,Mobiles & Tablets,314133.31,6,2026-04-03,1884799.86
IPHONE_15_PRO,Mobiles & Tablets,307848.98,4,2026-04-04,1231395.92
IPHONE_15_PRO,Mobiles & Tablets,331843.8,5,2026-04-05,1659219.0
IPHONE_15_PRO,Mobiles & Tablets,317669.2,6,2026-04-06,1906015.2
IPHONE_15_PRO,Mobiles & Tablets,311636.33,7,2026-04-07,2181454.31
IPHONE_15_PRO,Mobiles & Tablets,321260.2,5,2026-04-08,1606301.0
IPHONE_15_PRO,Mobiles & Tablets,325493.66,5,2026-04-09,1627468.3
IPHONE_15_PRO,Mobiles & Tablets,331644.55,4,2026-04-10,1326578.2
IPHONE_15_PRO,Mobiles & Tablets,326090.16,6,2026-04-11,1956540.96
IPHONE_15_PRO,Mobiles & Tablets,317941.76,8,2026-04-12,2543534.08
IPHONE_15_PRO,Mobiles & Tablets,313541.91,7,2026-04-13,2194793.37
IPHONE_15_PRO,Mobiles & Tablets,307568.47,8,2026-04-14,2460547.76
IPHONE_15_PRO,Mobiles & Tablets,310171.46,5,2026-04-15,1550857.3
IPHONE_15_PRO,Mobiles & Tablets,319338.85,7,2026-04-16,2235371.95
IPHONE_15_PRO,Mobiles & Tablets,309704.55,7,2026-04-17,2167931.85
IPHONE_15_PRO,Mobiles & Tablets,311633.97,3,2026-04-18,934901.91
IPHONE_15_PRO,Mobiles & Tablets,318306.6,4,2026-04-19,1273226.4
IPHONE_15_PRO,Mobiles & Tablets,323458.4,8,2026-04-20,2587667.2
IPHONE_15_PRO,Mobiles & Tablets,308359.78,4,2026-04-21,1233439.12
IPHONE_15_PRO,Mobiles & Tablets,320080.29,8,2026-04-22,2560642.32
IPHONE_15_PRO,Mobiles & Tablets,329126.14,4,2026-04-23,1316504.56
IPHONE_15_PRO,Mobiles & Tablets,309006.56,4,2026-04-24,1236026.24
IPHONE_15_PRO,Mobiles & Tablets,323645.93,6,2026-04-25,1941875.58
IPHONE_15_PRO,Mobiles & Tablets,331269.89,5,2026-04-26,1656349.45
IPHONE_15_PRO,Mobiles & Tablets,321932.14,5,2026-04-27,1609660.7
IPHONE_15_PRO,Mobiles & Tablets,318931.27,8,2026-04-28,2551450.16
IPHONE_15_PRO,Mobiles & Tablets,321167.79,5,2026-04-29,1605838.95
IPHONE_15_PRO,Mobiles & Tablets,331806.48,6,2026-04-30,1990838.88
IPHONE_15_PRO,Mobiles & Tablets,330376.98,6,2026-05-01,1982261.88
IPHONE_15_PRO,Mobiles & Tablets,309022.43,5,2026-05-02,1545112.15
IPHONE_15_PRO,Mobiles & Tablets,315365.78,4,2026-05-03,1261463.12
IPHONE_15_PRO,Mobiles & Tablets,310225.02,4,2026-05-04,1240900.08
IPHONE_15_PRO,Mobiles & Tablets,325036.47,6,2026-05-05,1950218.82
IPHONE_15_PRO,Mobiles & Tablets,326017.82,7,2026-05-06,2282124.74
IPHONE_15_PRO,Mobiles & Tablets,327769.11,6,2026-05-07,1966614.66
IPHONE_15_PRO,Mobiles & Tablets,326415.74,4,2026-05-08,1305662.96
IPHONE_15_PRO,Mobiles & Tablets,327854.97,4,2026-05-09,1311419.88
IPHONE_15_PRO,Mobiles & Tablets,316723.66,5,2026-05-10,1583618.3
IPHONE_15_PRO,Mobiles & Tablets,327076.17,5,2026-05-11,1635380.85
GENTS_KURTA_CLASSIC,Men's Fashion,719.04,21,2026-02-10,15099.84
GENTS_KURTA_CLASSIC,Men's Fashion,695.03,19,2026-02-11,13205.57
GENTS_KURTA_CLASSIC,Men's Fashion,676.81,23,2026-02-12,15566.63
GENTS_KURTA_CLASSIC,Men's Fashion,721.51,21,2026-02-13,15151.71
GENTS_KURTA_CLASSIC,Men's Fashion,688.94,22,2026-02-14,15156.68
GENTS_KURTA_CLASSIC,Men's Fashion,721.12,17,2026-02-15,12259.04
GENTS_KURTA_CLASSIC,Men's Fashion,724.2,19,2026-02-16,13759.8
GENTS_KURTA_CLASSIC,Men's Fashion,703.11,18,2026-02-17,12655.98
GENTS_KURTA_CLASSIC,Men's Fashion,687.44,16,2026-02-18,10999.04
GENTS_KURTA_CLASSIC,Men's Fashion,689.42,31,2026-02-19,21372.02
GENTS_KURTA_CLASSIC,Men's Fashion,715.31,23,2026-02-20,16452.13
GENTS_KURTA_CLASSIC,Men's Fashion,715.2,20,2026-02-21,14304.0
GENTS_KURTA_CLASSIC,Men's Fashion,674.26,17,2026-02-22,11462.42
GENTS_KURTA_CLASSIC,Men's Fashion,701.77,15,2026-02-23,10526.55
GENTS_KURTA_CLASSIC,Men's Fashion,690.66,23,2026-02-24,15885.18
GENTS_KURTA_CLASSIC,Men's Fashion,677.59,19,2026-02-25,12874.21
GENTS_KURTA_CLASSIC,Men's Fashion,705.61,21,2026-02-26,14817.81
GENTS_KURTA_CLASSIC,Men's Fashion,676.69,16,2026-02-27,10827.04
GENTS_KURTA_CLASSIC,Men's Fashion,675.11,17,2026-02-28,11476.87
GENTS_KURTA_CLASSIC,Men's Fashion,717.0,21,2026-03-01,15057.0
GENTS_KURTA_CLASSIC,Men's Fashion,675.78,22,2026-03-02,14867.16
GENTS_KURTA_CLASSIC,Men's Fashion,726.21,27,2026-03-03,19607.67
GENTS_KURTA_CLASSIC,Men's Fashion,716.49,19,2026-03-04,13613.31
GENTS_KURTA_CLASSIC,Men's Fashion,724.01,20,2026-03-05,14480.2
GENTS_KURTA_CLASSIC,Men's Fashion,714.5,21,2026-03-06,15004.5
GENTS_KURTA_CLASSIC,Men's Fashion,702.27,21,2026-03-07,14747.67
GENTS_KURTA_CLASSIC,Men's Fashion,677.26,28,2026-03-08,18963.28
GENTS_KURTA_CLASSIC,Men's Fashion,698.59,24,2026-03-09,16766.16
GENTS_KURTA_CLASSIC,Men's Fashion,674.19,26,2026-03-10,17528.94
GENTS_KURTA_CLASSIC,Men's Fashion,677.68,25,2026-03-11,16942.0
GENTS_KURTA_CLASSIC,Men's Fashion,712.76,29,2026-03-12,20670.04
GENTS_KURTA_CLASSIC,Men's Fashion,703.66,20,2026-03-13,14073.2
GENTS_KURTA_CLASSIC,Men's Fashion,687.02,22,2026-03-14,15114.44
GENTS_KURTA_CLASSIC,Men's Fashion,719.61,25,2026-03-15,17990.25
GENTS_KURTA_CLASSIC,Men's Fashion,675.17,26,2026-03-16,17554.42
GENTS_KURTA_CLASSIC,Men's Fashion,702.01,26,2026-03-17,18252.26
GENTS_KURTA_CLASSIC,Men's Fashion,706.24,27,2026-03-18,19068.48
GENTS_KURTA_CLASSIC,Men's Fashion,709.95,30,2026-03-19,21298.5
GENTS_KURTA_CLASSIC,Men's Fashion,703.71,39,2026-03-20,27444.69
GENTS_KURTA_CLASSIC,Men's Fashion,721.43,19,2026-03-21,13707.17
GENTS_KURTA_CLASSIC,Men's Fashion,686.55,38,2026-03-22,26088.9
GENTS_KURTA_CLASSIC,Men's Fashion,681.56,21,2026-03-23,14312.76
GENTS_KURTA_CLASSIC,Men's Fashion,703.68,16,2026-03-24,11258.88
GENTS_KURTA_CLASSIC,Men's Fashion,675.39,24,2026-03-25,16209.36
GENTS_KURTA_CLASSIC,Men's Fashion,688.35,29,2026-03-26,19962.15
GENTS_KURTA_CLASSIC,Men's Fashion,716.55,36,2026-03-27,25795.8
GENTS_KURTA_CLASSIC,Men's Fashion,721.98,18,2026-03-28,12995.64
GENTS_KURTA_CLASSIC,Men's Fashion,717.04,26,2026-03-29,18643.04
GENTS_KURTA_CLASSIC,Men's Fashion,723.2,18,2026-03-30,13017.6
GENTS_KURTA_CLASSIC,Men's Fashion,719.47,38,2026-03-31,27339.86
GENTS_KURTA_CLASSIC,Men's Fashion,726.25,28,2026-04-01,20335.0
GENTS_KURTA_CLASSIC,Men's Fashion,679.45,20,2026-04-02,13589.0
GENTS_KURTA_CLASSIC,Men's Fashion,725.28,14,2026-04-03,10153.92
GENTS_KURTA_CLASSIC,Men's Fashion,718.13,25,2026-04-04,17953.25
GENTS_KURTA_CLASSIC,Men's Fashion,694.24,19,2026-04-05,13190.56
GENTS_KURTA_CLASSIC,Men's Fashion,686.33,27,2026-04-06,18530.91
GENTS_KURTA_CLASSIC,Men's Fashion,714.04,21,2026-04-07,14994.84
GENTS_KURTA_CLASSIC,Men's Fashion,723.87,22,2026-04-08,15925.14
GENTS_KURTA_CLASSIC,Men's Fashion,696.23,20,2026-04-09,13924.6
GENTS_KURTA_CLASSIC,Men's Fashion,678.26,23,2026-04-10,15599.98
GENTS_KURTA_CLASSIC,Men's Fashion,683.83,19,2026-04-11,12992.77
GENTS_KURTA_CLASSIC,Men's Fashion,708.6,21,2026-04-12,14880.6
GENTS_KURTA_CLASSIC,Men's Fashion,677.39,14,2026-04-13,9483.46
GENTS_KURTA_CLASSIC,Men's Fashion,708.59,28,2026-04-14,19840.52
GENTS_KURTA_CLASSIC,Men's Fashion,700.13,31,2026-04-15,21704.03
GENTS_KURTA_CLASSIC,Men's Fashion,718.69,23,2026-04-16,16529.87
GENTS_KURTA_CLASSIC,Men's Fashion,720.06,31,2026-04-17,22321.86
GENTS_KURTA_CLASSIC,Men's Fashion,693.6,27,2026-04-18,18727.2
GENTS_KURTA_CLASSIC,Men's Fashion,710.41,22,2026-04-19,15629.02
GENTS_KURTA_CLASSIC,Men's Fashion,682.95,27,2026-04-20,18439.65
GENTS_KURTA_CLASSIC,Men's Fashion,692.97,27,2026-04-21,18710.19
GENTS_KURTA_CLASSIC,Men's Fashion,695.5,15,2026-04-22,10432.5
GENTS_KURTA_CLASSIC,Men's Fashion,699.78,21,2026-04-23,14695.38
GENTS_KURTA_CLASSIC,Men's Fashion,714.86,23,2026-04-24,16441.78
GENTS_KURTA_CLASSIC,Men's Fashion,719.26,26,2026-04-25,18700.76
GENTS_KURTA_CLASSIC,Men's Fashion,724.14,14,2026-04-26,10137.96
GENTS_KURTA_CLASSIC,Men's Fashion,696.71,14,2026-04-27,9753.94
GENTS_KURTA_CLASSIC,Men's Fashion,725.84,21,2026-04-28,15242.64
GENTS_KURTA_CLASSIC,Men's Fashion,706.46,14,2026-04-29,9890.44
GENTS_KURTA_CLASSIC,Men's Fashion,684.47,22,2026-04-30,15058.34
GENTS_KURTA_CLASSIC,Men's Fashion,681.21,19,2026-05-01,12942.99
GENTS_KURTA_CLASSIC,Men's Fashion,690.37,13,2026-05-02,8974.81
GENTS_KURTA_CLASSIC,Men's Fashion,708.37,17,2026-05-03,12042.29
GENTS_KURTA_CLASSIC,Men's Fashion,680.68,22,2026-05-04,14974.96
GENTS_KURTA_CLASSIC,Men's Fashion,680.94,17,2026-05-05,11575.98
GENTS_KURTA_CLASSIC,Men's Fashion,676.0,16,2026-05-06,10816.0
GENTS_KURTA_CLASSIC,Men's Fashion,682.58,19,2026-05-07,12969.02
GENTS_KURTA_CLASSIC,Men's Fashion,691.41,14,2026-05-08,9679.74
GENTS_KURTA_CLASSIC,Men's Fashion,673.24,25,2026-05-09,16831.0
GENTS_KURTA_CLASSIC,Men's Fashion,715.74,17,2026-05-10,12167.58
GENTS_KURTA_CLASSIC,Men's Fashion,719.89,15,2026-05-11,10798.35
LOREAL_REVITALIFT,Beauty & Grooming,403.13,24,2026-02-10,9675.12
LOREAL_REVITALIFT,Beauty & Grooming,399.55,23,2026-02-11,9189.65
LOREAL_REVITALIFT,Beauty & Grooming,397.75,23,2026-02-12,9148.25
LOREAL_REVITALIFT,Beauty & Grooming,385.96,19,2026-02-13,7333.24
LOREAL_REVITALIFT,Beauty & Grooming,389.52,18,2026-02-14,7011.36
LOREAL_REVITALIFT,Beauty & Grooming,388.83,15,2026-02-15,5832.45
LOREAL_REVITALIFT,Beauty & Grooming,397.72,30,2026-02-16,11931.6
LOREAL_REVITALIFT,Beauty & Grooming,390.36,26,2026-02-17,10149.36
LOREAL_REVITALIFT,Beauty & Grooming,391.0,25,2026-02-18,9775.0
LOREAL_REVITALIFT,Beauty & Grooming,391.02,23,2026-02-19,8993.46
LOREAL_REVITALIFT,Beauty & Grooming,381.97,17,2026-02-20,6493.49
LOREAL_REVITALIFT,Beauty & Grooming,375.03,17,2026-02-21,6375.51
LOREAL_REVITALIFT,Beauty & Grooming,384.45,15,2026-02-22,5766.75
LOREAL_REVITALIFT,Beauty & Grooming,378.14,19,2026-02-23,7184.66
LOREAL_REVITALIFT,Beauty & Grooming,402.18,18,2026-02-24,7239.24
LOREAL_REVITALIFT,Beauty & Grooming,399.02,34,2026-02-25,13566.68
LOREAL_REVITALIFT,Beauty & Grooming,389.95,29,2026-02-26,11308.55
LOREAL_REVITALIFT,Beauty & Grooming,392.71,22,2026-02-27,8639.62
LOREAL_REVITALIFT,Beauty & Grooming,397.66,17,2026-02-28,6760.22
LOREAL_REVITALIFT,Beauty & Grooming,383.25,23,2026-03-01,8814.75
LOREAL_REVITALIFT,Beauty & Grooming,385.73,29,2026-03-02,11186.17
LOREAL_REVITALIFT,Beauty & Grooming,385.51,39,2026-03-03,15034.89
LOREAL_REVITALIFT,Beauty & Grooming,405.18,49,2026-03-04,19853.82
LOREAL_REVITALIFT,Beauty & Grooming,377.58,24,2026-03-05,9061.92
LOREAL_REVITALIFT,Beauty & Grooming,379.17,33,2026-03-06,12512.61
LOREAL_REVITALIFT,Beauty & Grooming,380.22,24,2026-03-07,9125.28
LOREAL_REVITALIFT,Beauty & Grooming,383.29,26,2026-03-08,9965.54
LOREAL_REVITALIFT,Beauty & Grooming,387.2,30,2026-03-09,11616.0
LOREAL_REVITALIFT,Beauty & Grooming,405.05,26,2026-03-10,10531.3
LOREAL_REVITALIFT,Beauty & Grooming,404.65,31,2026-03-11,12544.15
LOREAL_REVITALIFT,Beauty & Grooming,401.4,27,2026-03-12,10837.8
LOREAL_REVITALIFT,Beauty & Grooming,379.73,26,2026-03-13,9872.98
LOREAL_REVITALIFT,Beauty & Grooming,395.26,32,2026-03-14,12648.32
LOREAL_REVITALIFT,Beauty & Grooming,392.23,29,2026-03-15,11374.67
LOREAL_REVITALIFT,Beauty & Grooming,383.14,35,2026-03-16,13409.9
LOREAL_REVITALIFT,Beauty & Grooming,384.5,27,2026-03-17,10381.5
LOREAL_REVITALIFT,Beauty & Grooming,387.67,37,2026-03-18,14343.79
LOREAL_REVITALIFT,Beauty & Grooming,377.98,23,2026-03-19,8693.54
LOREAL_REVITALIFT,Beauty & Grooming,393.45,30,2026-03-20,11803.5
LOREAL_REVITALIFT,Beauty & Grooming,379.22,32,2026-03-21,12135.04
LOREAL_REVITALIFT,Beauty & Grooming,389.41,20,2026-03-22,7788.2
LOREAL_REVITALIFT,Beauty & Grooming,384.9,26,2026-03-23,10007.4
LOREAL_REVITALIFT,Beauty & Grooming,378.59,32,2026-03-24,12114.88
LOREAL_REVITALIFT,Beauty & Grooming,382.34,41,2026-03-25,15675.94
LOREAL_REVITALIFT,Beauty & Grooming,395.66,29,2026-03-26,11474.14
LOREAL_REVITALIFT,Beauty & Grooming,389.11,33,2026-03-27,12840.63
LOREAL_REVITALIFT,Beauty & Grooming,387.25,38,2026-03-28,14715.5
LOREAL_REVITALIFT,Beauty & Grooming,400.32,32,2026-03-29,12810.24
LOREAL_REVITALIFT,Beauty & Grooming,404.51,29,2026-03-30,11730.79
LOREAL_REVITALIFT,Beauty & Grooming,403.68,34,2026-03-31,13725.12
LOREAL_REVITALIFT,Beauty & Grooming,380.05,23,2026-04-01,8741.15
LOREAL_REVITALIFT,Beauty & Grooming,392.32,27,2026-04-02,10592.64
LOREAL_REVITALIFT,Beauty & Grooming,400.67,23,2026-04-03,9215.41
LOREAL_REVITALIFT,Beauty & Grooming,380.69,24,2026-04-04,9136.56
LOREAL_REVITALIFT,Beauty & Grooming,379.51,21,2026-04-05,7969.71
LOREAL_REVITALIFT,Beauty & Grooming,395.15,27,2026-04-06,10669.05
LOREAL_REVITALIFT,Beauty & Grooming,390.72,24,2026-04-07,9377.28
LOREAL_REVITALIFT,Beauty & Grooming,386.64,32,2026-04-08,12372.48
LOREAL_REVITALIFT,Beauty & Grooming,399.88,25,2026-04-09,9997.0
LOREAL_REVITALIFT,Beauty & Grooming,388.84,16,2026-04-10,6221.44
LOREAL_REVITALIFT,Beauty & Grooming,383.8,18,2026-04-11,6908.4
LOREAL_REVITALIFT,Beauty & Grooming,381.65,23,2026-04-12,8777.95
LOREAL_REVITALIFT,Beauty & Grooming,402.47,36,2026-04-13,14488.92
LOREAL_REVITALIFT,Beauty & Grooming,402.68,31,2026-04-14,12483.08
LOREAL_REVITALIFT,Beauty & Grooming,393.88,16,2026-04-15,6302.08
LOREAL_REVITALIFT,Beauty & Grooming,378.75,19,2026-04-16,7196.25
LOREAL_REVITALIFT,Beauty & Grooming,399.17,31,2026-04-17,12374.27
LOREAL_REVITALIFT,Beauty & Grooming,402.29,26,2026-04-18,10459.54
LOREAL_REVITALIFT,Beauty & Grooming,399.0,39,2026-04-19,15561.0
LOREAL_REVITALIFT,Beauty & Grooming,382.15,22,2026-04-20,8407.3
LOREAL_REVITALIFT,Beauty & Grooming,397.61,21,2026-04-21,8349.81
LOREAL_REVITALIFT,Beauty & Grooming,398.19,27,2026-04-22,10751.13
LOREAL_REVITALIFT,Beauty & Grooming,401.76,24,2026-04-23,9642.24
LOREAL_REVITALIFT,Beauty & Grooming,377.85,31,2026-04-24,11713.35
LOREAL_REVITALIFT,Beauty & Grooming,400.81,20,2026-04-25,8016.2
LOREAL_REVITALIFT,Beauty & Grooming,399.28,22,2026-04-26,8784.16
LOREAL_REVITALIFT,Beauty & Grooming,379.08,20,2026-04-27,7581.6
LOREAL_REVITALIFT,Beauty & Grooming,396.87,31,2026-04-28,12302.97
LOREAL_REVITALIFT,Beauty & Grooming,394.4,22,2026-04-29,8676.8
LOREAL_REVITALIFT,Beauty & Grooming,382.26,29,2026-04-30,11085.54
LOREAL_REVITALIFT,Beauty & Grooming,385.19,33,2026-05-01,12711.27
LOREAL_REVITALIFT,Beauty & Grooming,388.81,14,2026-05-02,5443.34
LOREAL_REVITALIFT,Beauty & Grooming,403.96,29,2026-05-03,11714.84
LOREAL_REVITALIFT,Beauty & Grooming,390.18,23,2026-05-04,8974.14
LOREAL_REVITALIFT,Beauty & Grooming,393.48,18,2026-05-05,7082.64
LOREAL_REVITALIFT,Beauty & Grooming,396.14,24,2026-05-06,9507.36
LOREAL_REVITALIFT,Beauty & Grooming,403.18,28,2026-05-07,11289.04
LOREAL_REVITALIFT,Beauty & Grooming,392.38,18,2026-05-08,7062.84
LOREAL_REVITALIFT,Beauty & Grooming,393.33,22,2026-05-09,8653.26
LOREAL_REVITALIFT,Beauty & Grooming,403.55,29,2026-05-10,11702.95
LOREAL_REVITALIFT,Beauty & Grooming,403.28,20,2026-05-11,8065.6
FANCY_GIFT_BOX_LARGE,Soghaat,212.95,12,2026-02-10,2555.4
FANCY_GIFT_BOX_LARGE,Soghaat,210.56,15,2026-02-11,3158.4
FANCY_GIFT_BOX_LARGE,Soghaat,206.5,15,2026-02-12,3097.5
FANCY_GIFT_BOX_LARGE,Soghaat,203.34,17,2026-02-13,3456.78
FANCY_GIFT_BOX_LARGE,Soghaat,209.97,12,2026-02-14,2519.64
FANCY_GIFT_BOX_LARGE,Soghaat,196.88,12,2026-02-15,2362.56
FANCY_GIFT_BOX_LARGE,Soghaat,205.61,11,2026-02-16,2261.71
FANCY_GIFT_BOX_LARGE,Soghaat,211.89,10,2026-02-17,2118.9
FANCY_GIFT_BOX_LARGE,Soghaat,208.9,11,2026-02-18,2297.9
FANCY_GIFT_BOX_LARGE,Soghaat,204.22,11,2026-02-19,2246.42
FANCY_GIFT_BOX_LARGE,Soghaat,199.11,13,2026-02-20,2588.43
FANCY_GIFT_BOX_LARGE,Soghaat,199.69,9,2026-02-21,1797.21
FANCY_GIFT_BOX_LARGE,Soghaat,211.8,7,2026-02-22,1482.6
FANCY_GIFT_BOX_LARGE,Soghaat,202.74,14,2026-02-23,2838.36
FANCY_GIFT_BOX_LARGE,Soghaat,197.01,22,2026-02-24,4334.22
FANCY_GIFT_BOX_LARGE,Soghaat,207.68,19,2026-02-25,3945.92
FANCY_GIFT_BOX_LARGE,Soghaat,198.2,14,2026-02-26,2774.8
FANCY_GIFT_BOX_LARGE,Soghaat,213.15,11,2026-02-27,2344.65
FANCY_GIFT_BOX_LARGE,Soghaat,197.9,22,2026-02-28,4353.8
FANCY_GIFT_BOX_LARGE,Soghaat,209.1,18,2026-03-01,3763.8
FANCY_GIFT_BOX_LARGE,Soghaat,200.16,20,2026-03-02,4003.2
FANCY_GIFT_BOX_LARGE,Soghaat,199.93,19,2026-03-03,3798.67
FANCY_GIFT_BOX_LARGE,Soghaat,206.06,21,2026-03-04,4327.26
FANCY_GIFT_BOX_LARGE,Soghaat,197.88,18,2026-03-05,3561.84
FANCY_GIFT_BOX_LARGE,Soghaat,205.4,18,2026-03-06,3697.2
FANCY_GIFT_BOX_LARGE,Soghaat,204.03,24,2026-03-07,4896.72
FANCY_GIFT_BOX_LARGE,Soghaat,199.35,24,2026-03-08,4784.4
FANCY_GIFT_BOX_LARGE,Soghaat,199.78,12,2026-03-09,2397.36
FANCY_GIFT_BOX_LARGE,Soghaat,207.36,15,2026-03-10,3110.4
FANCY_GIFT_BOX_LARGE,Soghaat,203.5,17,2026-03-11,3459.5
FANCY_GIFT_BOX_LARGE,Soghaat,197.24,25,2026-03-12,4931.0
FANCY_GIFT_BOX_LARGE,Soghaat,200.44,25,2026-03-13,5011.0
FANCY_GIFT_BOX_LARGE,Soghaat,197.12,20,2026-03-14,3942.4
FANCY_GIFT_BOX_LARGE,Soghaat,198.51,14,2026-03-15,2779.14
FANCY_GIFT_BOX_LARGE,Soghaat,207.51,17,2026-03-16,3527.67
FANCY_GIFT_BOX_LARGE,Soghaat,200.71,22,2026-03-17,4415.62
FANCY_GIFT_BOX_LARGE,Soghaat,208.65,20,2026-03-18,4173.0
FANCY_GIFT_BOX_LARGE,Soghaat,210.83,19,2026-03-19,4005.77
FANCY_GIFT_BOX_LARGE,Soghaat,207.76,17,2026-03-20,3531.92
FANCY_GIFT_BOX_LARGE,Soghaat,200.16,23,2026-03-21,4603.68
FANCY_GIFT_BOX_LARGE,Soghaat,197.01,21,2026-03-22,4137.21
FANCY_GIFT_BOX_LARGE,Soghaat,198.2,18,2026-03-23,3567.6
FANCY_GIFT_BOX_LARGE,Soghaat,203.71,21,2026-03-24,4277.91
FANCY_GIFT_BOX_LARGE,Soghaat,211.44,16,2026-03-25,3383.04
FANCY_GIFT_BOX_LARGE,Soghaat,201.05,18,2026-03-26,3618.9
FANCY_GIFT_BOX_LARGE,Soghaat,203.03,24,2026-03-27,4872.72
FANCY_GIFT_BOX_LARGE,Soghaat,207.04,12,2026-03-28,2484.48
FANCY_GIFT_BOX_LARGE,Soghaat,203.51,21,2026-03-29,4273.71
FANCY_GIFT_BOX_LARGE,Soghaat,201.63,12,2026-03-30,2419.56
FANCY_GIFT_BOX_LARGE,Soghaat,212.35,29,2026-03-31,6158.15
FANCY_GIFT_BOX_LARGE,Soghaat,211.04,15,2026-04-01,3165.6
FANCY_GIFT_BOX_LARGE,Soghaat,204.79,19,2026-04-02,3891.01
FANCY_GIFT_BOX_LARGE,Soghaat,203.77,16,2026-04-03,3260.32
FANCY_GIFT_BOX_LARGE,Soghaat,197.17,15,2026-04-04,2957.55
FANCY_GIFT_BOX_LARGE,Soghaat,207.19,16,2026-04-05,3315.04
FANCY_GIFT_BOX_LARGE,Soghaat,201.03,11,2026-04-06,2211.33
FANCY_GIFT_BOX_LARGE,Soghaat,212.94,17,2026-04-07,3619.98
FANCY_GIFT_BOX_LARGE,Soghaat,205.42,16,2026-04-08,3286.72
FANCY_GIFT_BOX_LARGE,Soghaat,197.1,15,2026-04-09,2956.5
FANCY_GIFT_BOX_LARGE,Soghaat,211.79,13,2026-04-10,2753.27
FANCY_GIFT_BOX_LARGE,Soghaat,201.29,15,2026-04-11,3019.35
FANCY_GIFT_BOX_LARGE,Soghaat,205.89,12,2026-04-12,2470.68
FANCY_GIFT_BOX_LARGE,Soghaat,200.19,20,2026-04-13,4003.8
FANCY_GIFT_BOX_LARGE,Soghaat,196.98,18,2026-04-14,3545.64
FANCY_GIFT_BOX_LARGE,Soghaat,206.65,18,2026-04-15,3719.7
FANCY_GIFT_BOX_LARGE,Soghaat,207.71,21,2026-04-16,4361.91
FANCY_GIFT_BOX_LARGE,Soghaat,205.31,10,2026-04-17,2053.1
FANCY_GIFT_BOX_LARGE,Soghaat,197.57,11,2026-04-18,2173.27
FANCY_GIFT_BOX_LARGE,Soghaat,198.16,17,2026-04-19,3368.72
FANCY_GIFT_BOX_LARGE,Soghaat,206.69,13,2026-04-20,2686.97
FANCY_GIFT_BOX_LARGE,Soghaat,201.53,14,2026-04-21,2821.42
FANCY_GIFT_BOX_LARGE,Soghaat,202.63,12,2026-04-22,2431.56
FANCY_GIFT_BOX_LARGE,Soghaat,206.09,14,2026-04-23,2885.26
FANCY_GIFT_BOX_LARGE,Soghaat,204.61,19,2026-04-24,3887.59
FANCY_GIFT_BOX_LARGE,Soghaat,208.81,16,2026-04-25,3340.96
FANCY_GIFT_BOX_LARGE,Soghaat,200.33,15,2026-04-26,3004.95
FANCY_GIFT_BOX_LARGE,Soghaat,204.94,14,2026-04-27,2869.16
FANCY_GIFT_BOX_LARGE,Soghaat,206.59,17,2026-04-28,3512.03
FANCY_GIFT_BOX_LARGE,Soghaat,198.55,22,2026-04-29,4368.1
FANCY_GIFT_BOX_LARGE,Soghaat,198.03,15,2026-04-30,2970.45
FANCY_GIFT_BOX_LARGE,Soghaat,208.09,14,2026-05-01,2913.26
FANCY_GIFT_BOX_LARGE,Soghaat,203.93,19,2026-05-02,3874.67
FANCY_GIFT_BOX_LARGE,Soghaat,209.91,15,2026-05-03,3148.65
FANCY_GIFT_BOX_LARGE,Soghaat,208.19,12,2026-05-04,2498.28
FANCY_GIFT_BOX_LARGE,Soghaat,202.72,17,2026-05-05,3446.24
FANCY_GIFT_BOX_LARGE,Soghaat,198.3,11,2026-05-06,2181.3
FANCY_GIFT_BOX_LARGE,Soghaat,199.84,15,2026-05-07,2997.6
FANCY_GIFT_BOX_LARGE,Soghaat,205.69,16,2026-05-08,3291.04
FANCY_GIFT_BOX_LARGE,Soghaat,210.03,14,2026-05-09,2940.42
FANCY_GIFT_BOX_LARGE,Soghaat,207.6,15,2026-05-10,3114.0
FANCY_GIFT_BOX_LARGE,Soghaat,200.89,17,2026-05-11,3415.13
HP_LAPTOP_250_G9,Computing,1897.39,7,2026-02-10,13281.73
HP_LAPTOP_250_G9,Computing,1850.47,7,2026-02-11,12953.29
HP_LAPTOP_250_G9,Computing,1909.32,7,2026-02-12,13365.24
HP_LAPTOP_250_G9,Computing,1963.47,5,2026-02-13,9817.35
HP_LAPTOP_250_G9,Computing,1970.56,7,2026-02-14,13793.92
HP_LAPTOP_250_G9,Computing,1954.0,6,2026-02-15,11724.0
HP_LAPTOP_250_G9,Computing,1951.34,7,2026-02-16,13659.38
HP_LAPTOP_250_G9,Computing,1828.66,8,2026-02-17,14629.28
HP_LAPTOP_250_G9,Computing,1913.63,6,2026-02-18,11481.78
HP_LAPTOP_250_G9,Computing,1834.73,6,2026-02-19,11008.38
HP_LAPTOP_250_G9,Computing,1928.82,5,2026-02-20,9644.1
HP_LAPTOP_250_G9,Computing,1832.97,7,2026-02-21,12830.79
HP_LAPTOP_250_G9,Computing,1870.94,5,2026-02-22,9354.7
HP_LAPTOP_250_G9,Computing,1871.46,8,2026-02-23,14971.68
HP_LAPTOP_250_G9,Computing,1918.13,7,2026-02-24,13426.91
HP_LAPTOP_250_G9,Computing,1858.43,7,2026-02-25,13009.01
HP_LAPTOP_250_G9,Computing,1826.75,8,2026-02-26,14614.0
HP_LAPTOP_250_G9,Computing,1965.7,6,2026-02-27,11794.2
HP_LAPTOP_250_G9,Computing,1944.39,7,2026-02-28,13610.73
HP_LAPTOP_250_G9,Computing,1895.94,7,2026-03-01,13271.58
HP_LAPTOP_250_G9,Computing,1918.37,11,2026-03-02,21102.07
HP_LAPTOP_250_G9,Computing,1887.05,8,2026-03-03,15096.4
HP_LAPTOP_250_G9,Computing,1935.09,12,2026-03-04,23221.08
HP_LAPTOP_250_G9,Computing,1876.91,8,2026-03-05,15015.28
HP_LAPTOP_250_G9,Computing,1866.68,8,2026-03-06,14933.44
HP_LAPTOP_250_G9,Computing,1829.43,6,2026-03-07,10976.58
HP_LAPTOP_250_G9,Computing,1825.76,7,2026-03-08,12780.32
HP_LAPTOP_250_G9,Computing,1881.43,8,2026-03-09,15051.44
HP_LAPTOP_250_G9,Computing,1926.29,9,2026-03-10,17336.61
HP_LAPTOP_250_G9,Computing,1966.56,11,2026-03-11,21632.16
HP_LAPTOP_250_G9,Computing,1894.05,8,2026-03-12,15152.4
HP_LAPTOP_250_G9,Computing,1973.62,6,2026-03-13,11841.72
HP_LAPTOP_250_G9,Computing,1858.24,8,2026-03-14,14865.92
HP_LAPTOP_250_G9,Computing,1915.37,8,2026-03-15,15322.96
HP_LAPTOP_250_G9,Computing,1900.93,9,2026-03-16,17108.37
HP_LAPTOP_250_G9,Computing,1856.54,7,2026-03-17,12995.78
HP_LAPTOP_250_G9,Computing,1851.36,8,2026-03-18,14810.88
HP_LAPTOP_250_G9,Computing,1831.83,8,2026-03-19,14654.64
HP_LAPTOP_250_G9,Computing,1970.27,10,2026-03-20,19702.7
HP_LAPTOP_250_G9,Computing,1928.78,10,2026-03-21,19287.8
HP_LAPTOP_250_G9,Computing,1846.42,7,2026-03-22,12924.94
HP_LAPTOP_250_G9,Computing,1857.04,7,2026-03-23,12999.28
HP_LAPTOP_250_G9,Computing,1904.62,10,2026-03-24,19046.2
HP_LAPTOP_250_G9,Computing,1836.94,12,2026-03-25,22043.28
HP_LAPTOP_250_G9,Computing,1956.34,13,2026-03-26,25432.42
HP_LAPTOP_250_G9,Computing,1958.06,7,2026-03-27,13706.42
HP_LAPTOP_250_G9,Computing,1968.22,7,2026-03-28,13777.54
HP_LAPTOP_250_G9,Computing,1922.58,8,2026-03-29,15380.64
HP_LAPTOP_250_G9,Computing,1906.73,9,2026-03-30,17160.57
HP_LAPTOP_250_G9,Computing,1879.66,8,2026-03-31,15037.28
HP_LAPTOP_250_G9,Computing,1862.5,6,2026-04-01,11175.0
HP_LAPTOP_250_G9,Computing,1835.35,7,2026-04-02,12847.45
HP_LAPTOP_250_G9,Computing,1856.49,10,2026-04-03,18564.9
HP_LAPTOP_250_G9,Computing,1952.36,5,2026-04-04,9761.8
HP_LAPTOP_250_G9,Computing,1898.26,7,2026-04-05,13287.82
HP_LAPTOP_250_G9,Computing,1948.33,12,2026-04-06,23379.96
HP_LAPTOP_250_G9,Computing,1875.88,6,2026-04-07,11255.28
HP_LAPTOP_250_G9,Computing,1863.61,8,2026-04-08,14908.88
HP_LAPTOP_250_G9,Computing,1956.52,11,2026-04-09,21521.72
HP_LAPTOP_250_G9,Computing,1952.26,8,2026-04-10,15618.08
HP_LAPTOP_250_G9,Computing,1954.8,8,2026-04-11,15638.4
HP_LAPTOP_250_G9,Computing,1929.0,8,2026-04-12,15432.0
HP_LAPTOP_250_G9,Computing,1926.37,8,2026-04-13,15410.96
HP_LAPTOP_250_G9,Computing,1847.14,10,2026-04-14,18471.4
HP_LAPTOP_250_G9,Computing,1956.86,8,2026-04-15,15654.88
HP_LAPTOP_250_G9,Computing,1873.95,7,2026-04-16,13117.65
HP_LAPTOP_250_G9,Computing,1935.99,7,2026-04-17,13551.93
HP_LAPTOP_250_G9,Computing,1949.46,7,2026-04-18,13646.22
HP_LAPTOP_250_G9,Computing,1900.13,6,2026-04-19,11400.78
HP_LAPTOP_250_G9,Computing,1919.03,7,2026-04-20,13433.21
HP_LAPTOP_250_G9,Computing,1862.51,7,2026-04-21,13037.57
HP_LAPTOP_250_G9,Computing,1941.51,8,2026-04-22,15532.08
HP_LAPTOP_250_G9,Computing,1839.29,12,2026-04-23,22071.48
HP_LAPTOP_250_G9,Computing,1969.34,7,2026-04-24,13785.38
HP_LAPTOP_250_G9,Computing,1874.98,9,2026-04-25,16874.82
HP_LAPTOP_250_G9,Computing,1838.61,7,2026-04-26,12870.27
HP_LAPTOP_250_G9,Computing,1965.42,7,2026-04-27,13757.94
HP_LAPTOP_250_G9,Computing,1868.76,6,2026-04-28,11212.56
HP_LAPTOP_250_G9,Computing,1930.63,8,2026-04-29,15445.04
HP_LAPTOP_250_G9,Computing,1875.59,8,2026-04-30,15004.72
HP_LAPTOP_250_G9,Computing,1917.37,5,2026-05-01,9586.85
HP_LAPTOP_250_G9,Computing,1938.24,5,2026-05-02,9691.2
HP_LAPTOP_250_G9,Computing,1826.78,6,2026-05-03,10960.68
HP_LAPTOP_250_G9,Computing,1926.85,8,2026-05-04,15414.8
HP_LAPTOP_250_G9,Computing,1890.78,6,2026-05-05,11344.68
HP_LAPTOP_250_G9,Computing,1847.9,5,2026-05-06,9239.5
HP_LAPTOP_250_G9,Computing,1943.79,4,2026-05-07,7775.16
HP_LAPTOP_250_G9,Computing,1835.56,5,2026-05-08,9177.8
HP_LAPTOP_250_G9,Computing,1926.42,6,2026-05-09,11558.52
HP_LAPTOP_250_G9,Computing,1967.5,4,2026-05-10,7870.0
HP_LAPTOP_250_G9,Computing,1845.99,7,2026-05-11,12921.93
HAIER_AC_1TON,Appliances,4798.98,11,2026-02-10,52788.78
HAIER_AC_1TON,Appliances,4883.53,9,2026-02-11,43951.77
HAIER_AC_1TON,Appliances,5017.01,7,2026-02-12,35119.07
HAIER_AC_1TON,Appliances,4794.97,8,2026-02-13,38359.76
HAIER_AC_1TON,Appliances,4719.14,8,2026-02-14,37753.12
HAIER_AC_1TON,Appliances,4648.83,9,2026-02-15,41839.47
HAIER_AC_1TON,Appliances,4970.79,7,2026-02-16,34795.53
HAIER_AC_1TON,Appliances,4819.65,13,2026-02-17,62655.45
HAIER_AC_1TON,Appliances,4934.68,10,2026-02-18,49346.8
HAIER_AC_1TON,Appliances,4963.22,11,2026-02-19,54595.42
HAIER_AC_1TON,Appliances,4687.51,10,2026-02-20,46875.1
HAIER_AC_1TON,Appliances,4649.37,11,2026-02-21,51143.07
HAIER_AC_1TON,Appliances,4944.58,9,2026-02-22,44501.22
HAIER_AC_1TON,Appliances,4822.86,10,2026-02-23,48228.6
HAIER_AC_1TON,Appliances,4714.28,8,2026-02-24,37714.24
HAIER_AC_1TON,Appliances,4826.75,14,2026-02-25,67574.5
HAIER_AC_1TON,Appliances,4740.74,10,2026-02-26,47407.4
HAIER_AC_1TON,Appliances,4944.98,8,2026-02-27,39559.84
HAIER_AC_1TON,Appliances,4641.29,7,2026-02-28,32489.03
HAIER_AC_1TON,Appliances,4664.79,8,2026-03-01,37318.32
HAIER_AC_1TON,Appliances,4868.65,11,2026-03-02,53555.15
HAIER_AC_1TON,Appliances,4749.5,8,2026-03-03,37996.0
HAIER_AC_1TON,Appliances,4938.13,16,2026-03-04,79010.08
HAIER_AC_1TON,Appliances,4652.11,15,2026-03-05,69781.65
HAIER_AC_1TON,Appliances,4730.33,10,2026-03-06,47303.3
HAIER_AC_1TON,Appliances,5018.05,11,2026-03-07,55198.55
HAIER_AC_1TON,Appliances,4875.66,12,2026-03-08,58507.92
HAIER_AC_1TON,Appliances,4908.23,10,2026-03-09,49082.3
HAIER_AC_1TON,Appliances,4762.94,12,2026-03-10,57155.28
HAIER_AC_1TON,Appliances,4836.84,13,2026-03-11,62878.92
HAIER_AC_1TON,Appliances,4649.63,13,2026-03-12,60445.19
HAIER_AC_1TON,Appliances,4667.16,10,2026-03-13,46671.6
HAIER_AC_1TON,Appliances,4856.1,9,2026-03-14,43704.9
HAIER_AC_1TON,Appliances,4903.21,11,2026-03-15,53935.31
HAIER_AC_1TON,Appliances,4701.52,11,2026-03-16,51716.72
HAIER_AC_1TON,Appliances,4677.21,15,2026-03-17,70158.15
HAIER_AC_1TON,Appliances,4649.0,18,2026-03-18,83682.0
HAIER_AC_1TON,Appliances,4998.55,16,2026-03-19,79976.8
HAIER_AC_1TON,Appliances,4910.78,12,2026-03-20,58929.36
HAIER_AC_1TON,Appliances,4973.34,10,2026-03-21,49733.4
HAIER_AC_1TON,Appliances,4767.96,14,2026-03-22,66751.44
HAIER_AC_1TON,Appliances,4951.65,14,2026-03-23,69323.1
HAIER_AC_1TON,Appliances,4811.58,17,2026-03-24,81796.86
HAIER_AC_1TON,Appliances,4885.48,14,2026-03-25,68396.72
HAIER_AC_1TON,Appliances,4668.34,20,2026-03-26,93366.8
HAIER_AC_1TON,Appliances,4660.12,13,2026-03-27,60581.56
HAIER_AC_1TON,Appliances,4973.66,10,2026-03-28,49736.6
HAIER_AC_1TON,Appliances,4721.5,10,2026-03-29,47215.0
HAIER_AC_1TON,Appliances,4891.32,14,2026-03-30,68478.48
HAIER_AC_1TON,Appliances,4829.3,11,2026-03-31,53122.3
HAIER_AC_1TON,Appliances,4725.07,16,2026-04-01,75601.12
HAIER_AC_1TON,Appliances,5021.78,12,2026-04-02,60261.36
HAIER_AC_1TON,Appliances,4713.9,10,2026-04-03,47139.0
HAIER_AC_1TON,Appliances,4899.64,9,2026-04-04,44096.76
HAIER_AC_1TON,Appliances,4972.3,9,2026-04-05,44750.7
HAIER_AC_1TON,Appliances,4917.78,7,2026-04-06,34424.46
HAIER_AC_1TON,Appliances,4770.47,10,2026-04-07,47704.7
HAIER_AC_1TON,Appliances,4780.17,15,2026-04-08,71702.55
HAIER_AC_1TON,Appliances,4806.28,12,2026-04-09,57675.36
HAIER_AC_1TON,Appliances,4917.04,13,2026-04-10,63921.52
HAIER_AC_1TON,Appliances,4984.83,12,2026-04-11,59817.96
HAIER_AC_1TON,Appliances,4799.75,9,2026-04-12,43197.75
HAIER_AC_1TON,Appliances,4989.34,12,2026-04-13,59872.08
HAIER_AC_1TON,Appliances,4718.2,7,2026-04-14,33027.4
HAIER_AC_1TON,Appliances,4920.07,15,2026-04-15,73801.05
HAIER_AC_1TON,Appliances,4687.64,15,2026-04-16,70314.6
HAIER_AC_1TON,Appliances,4706.23,11,2026-04-17,51768.53
HAIER_AC_1TON,Appliances,4728.59,10,2026-04-18,47285.9
HAIER_AC_1TON,Appliances,4732.33,10,2026-04-19,47323.3
HAIER_AC_1TON,Appliances,4973.26,13,2026-04-20,64652.38
HAIER_AC_1TON,Appliances,4775.61,13,2026-04-21,62082.93
HAIER_AC_1TON,Appliances,4865.92,6,2026-04-22,29195.52
HAIER_AC_1TON,Appliances,5011.38,10,2026-04-23,50113.8
HAIER_AC_1TON,Appliances,4736.54,8,2026-04-24,37892.32
HAIER_AC_1TON,Appliances,4935.67,7,2026-04-25,34549.69
HAIER_AC_1TON,Appliances,4687.37,12,2026-04-26,56248.44
HAIER_AC_1TON,Appliances,4728.01,10,2026-04-27,47280.1
HAIER_AC_1TON,Appliances,4665.2,12,2026-04-28,55982.4
HAIER_AC_1TON,Appliances,4767.02,11,2026-04-29,52437.22
HAIER_AC_1TON,Appliances,4957.08,8,2026-04-30,39656.64
HAIER_AC_1TON,Appliances,4875.26,6,2026-05-01,29251.56
HAIER_AC_1TON,Appliances,4909.9,7,2026-05-02,34369.3
HAIER_AC_1TON,Appliances,4650.97,8,2026-05-03,37207.76
HAIER_AC_1TON,Appliances,4921.35,8,2026-05-04,39370.8
HAIER_AC_1TON,Appliances,4962.99,9,2026-05-05,44666.91
HAIER_AC_1TON,Appliances,4948.11,15,2026-05-06,74221.65
HAIER_AC_1TON,Appliances,4716.34,12,2026-05-07,56596.08
HAIER_AC_1TON,Appliances,4680.05,9,2026-05-08,42120.45
HAIER_AC_1TON,Appliances,4842.04,8,2026-05-09,38736.32
HAIER_AC_1TON,Appliances,4998.7,8,2026-05-10,39989.6
HAIER_AC_1TON,Appliances,4758.96,11,2026-05-11,52348.56
WOMEN_EMBROIDERED_3PC,Women's Fashion,1250.72,21,2026-02-10,26265.12
WOMEN_EMBROIDERED_3PC,Women's Fashion,1245.47,26,2026-02-11,32382.22
WOMEN_EMBROIDERED_3PC,Women's Fashion,1251.56,23,2026-02-12,28785.88
WOMEN_EMBROIDERED_3PC,Women's Fashion,1213.97,31,2026-02-13,37633.07
WOMEN_EMBROIDERED_3PC,Women's Fashion,1203.0,18,2026-02-14,21654.0
WOMEN_EMBROIDERED_3PC,Women's Fashion,1220.19,24,2026-02-15,29284.56
WOMEN_EMBROIDERED_3PC,Women's Fashion,1267.34,16,2026-02-16,20277.44
WOMEN_EMBROIDERED_3PC,Women's Fashion,1286.81,18,2026-02-17,23162.58
WOMEN_EMBROIDERED_3PC,Women's Fashion,1217.71,33,2026-02-18,40184.43
WOMEN_EMBROIDERED_3PC,Women's Fashion,1294.46,26,2026-02-19,33655.96
WOMEN_EMBROIDERED_3PC,Women's Fashion,1268.32,22,2026-02-20,27903.04
WOMEN_EMBROIDERED_3PC,Women's Fashion,1286.89,31,2026-02-21,39893.59
WOMEN_EMBROIDERED_3PC,Women's Fashion,1257.06,19,2026-02-22,23884.14
WOMEN_EMBROIDERED_3PC,Women's Fashion,1221.57,25,2026-02-23,30539.25
WOMEN_EMBROIDERED_3PC,Women's Fashion,1265.89,27,2026-02-24,34179.03
WOMEN_EMBROIDERED_3PC,Women's Fashion,1210.66,31,2026-02-25,37530.46
WOMEN_EMBROIDERED_3PC,Women's Fashion,1265.78,17,2026-02-26,21518.26
WOMEN_EMBROIDERED_3PC,Women's Fashion,1287.08,19,2026-02-27,24454.52
WOMEN_EMBROIDERED_3PC,Women's Fashion,1278.24,20,2026-02-28,25564.8
WOMEN_EMBROIDERED_3PC,Women's Fashion,1287.85,37,2026-03-01,47650.45
WOMEN_EMBROIDERED_3PC,Women's Fashion,1240.41,30,2026-03-02,37212.3
WOMEN_EMBROIDERED_3PC,Women's Fashion,1280.78,37,2026-03-03,47388.86
WOMEN_EMBROIDERED_3PC,Women's Fashion,1276.23,23,2026-03-04,29353.29
WOMEN_EMBROIDERED_3PC,Women's Fashion,1281.78,28,2026-03-05,35889.84
WOMEN_EMBROIDERED_3PC,Women's Fashion,1212.02,36,2026-03-06,43632.72
WOMEN_EMBROIDERED_3PC,Women's Fashion,1232.46,24,2026-03-07,29579.04
WOMEN_EMBROIDERED_3PC,Women's Fashion,1236.65,26,2026-03-08,32152.9
WOMEN_EMBROIDERED_3PC,Women's Fashion,1238.86,39,2026-03-09,48315.54
WOMEN_EMBROIDERED_3PC,Women's Fashion,1244.87,24,2026-03-10,29876.88
WOMEN_EMBROIDERED_3PC,Women's Fashion,1222.73,26,2026-03-11,31790.98
WOMEN_EMBROIDERED_3PC,Women's Fashion,1207.32,22,2026-03-12,26561.04
WOMEN_EMBROIDERED_3PC,Women's Fashion,1261.95,38,2026-03-13,47954.1
WOMEN_EMBROIDERED_3PC,Women's Fashion,1246.35,31,2026-03-14,38636.85
WOMEN_EMBROIDERED_3PC,Women's Fashion,1251.91,32,2026-03-15,40061.12
WOMEN_EMBROIDERED_3PC,Women's Fashion,1247.92,25,2026-03-16,31198.0
WOMEN_EMBROIDERED_3PC,Women's Fashion,1258.02,21,2026-03-17,26418.42
WOMEN_EMBROIDERED_3PC,Women's Fashion,1253.36,21,2026-03-18,26320.56
WOMEN_EMBROIDERED_3PC,Women's Fashion,1281.3,40,2026-03-19,51252.0
WOMEN_EMBROIDERED_3PC,Women's Fashion,1271.81,30,2026-03-20,38154.3
WOMEN_EMBROIDERED_3PC,Women's Fashion,1224.35,29,2026-03-21,35506.15
WOMEN_EMBROIDERED_3PC,Women's Fashion,1292.7,27,2026-03-22,34902.9
WOMEN_EMBROIDERED_3PC,Women's Fashion,1248.59,23,2026-03-23,28717.57
WOMEN_EMBROIDERED_3PC,Women's Fashion,1225.68,27,2026-03-24,33093.36
WOMEN_EMBROIDERED_3PC,Women's Fashion,1280.3,24,2026-03-25,30727.2
WOMEN_EMBROIDERED_3PC,Women's Fashion,1253.92,23,2026-03-26,28840.16
WOMEN_EMBROIDERED_3PC,Women's Fashion,1271.62,33,2026-03-27,41963.46
WOMEN_EMBROIDERED_3PC,Women's Fashion,1227.26,18,2026-03-28,22090.68
WOMEN_EMBROIDERED_3PC,Women's Fashion,1218.11,21,2026-03-29,25580.31
WOMEN_EMBROIDERED_3PC,Women's Fashion,1268.11,26,2026-03-30,32970.86
WOMEN_EMBROIDERED_3PC,Women's Fashion,1270.9,29,2026-03-31,36856.1
WOMEN_EMBROIDERED_3PC,Women's Fashion,1210.69,18,2026-04-01,21792.42
WOMEN_EMBROIDERED_3PC,Women's Fashion,1296.29,17,2026-04-02,22036.93
WOMEN_EMBROIDERED_3PC,Women's Fashion,1248.35,24,2026-04-03,29960.4
WOMEN_EMBROIDERED_3PC,Women's Fashion,1204.34,22,2026-04-04,26495.48
WOMEN_EMBROIDERED_3PC,Women's Fashion,1263.32,29,2026-04-05,36636.28
WOMEN_EMBROIDERED_3PC,Women's Fashion,1281.92,23,2026-04-06,29484.16
WOMEN_EMBROIDERED_3PC,Women's Fashion,1288.42,27,2026-04-07,34787.34
WOMEN_EMBROIDERED_3PC,Women's Fashion,1261.1,21,2026-04-08,26483.1
WOMEN_EMBROIDERED_3PC,Women's Fashion,1241.1,21,2026-04-09,26063.1
WOMEN_EMBROIDERED_3PC,Women's Fashion,1278.05,17,2026-04-10,21726.85
WOMEN_EMBROIDERED_3PC,Women's Fashion,1227.48,18,2026-04-11,22094.64
WOMEN_EMBROIDERED_3PC,Women's Fashion,1266.75,20,2026-04-12,25335.0
WOMEN_EMBROIDERED_3PC,Women's Fashion,1209.55,30,2026-04-13,36286.5
WOMEN_EMBROIDERED_3PC,Women's Fashion,1258.66,20,2026-04-14,25173.2
WOMEN_EMBROIDERED_3PC,Women's Fashion,1216.8,39,2026-04-15,47455.2
WOMEN_EMBROIDERED_3PC,Women's Fashion,1221.67,28,2026-04-16,34206.76
WOMEN_EMBROIDERED_3PC,Women's Fashion,1209.57,24,2026-04-17,29029.68
WOMEN_EMBROIDERED_3PC,Women's Fashion,1260.71,21,2026-04-18,26474.91
WOMEN_EMBROIDERED_3PC,Women's Fashion,1254.67,21,2026-04-19,26348.07
WOMEN_EMBROIDERED_3PC,Women's Fashion,1259.45,20,2026-04-20,25189.0
WOMEN_EMBROIDERED_3PC,Women's Fashion,1249.68,17,2026-04-21,21244.56
WOMEN_EMBROIDERED_3PC,Women's Fashion,1242.82,20,2026-04-22,24856.4
WOMEN_EMBROIDERED_3PC,Women's Fashion,1271.76,35,2026-04-23,44511.6
WOMEN_EMBROIDERED_3PC,Women's Fashion,1227.42,25,2026-04-24,30685.5
WOMEN_EMBROIDERED_3PC,Women's Fashion,1207.94,29,2026-04-25,35030.26
WOMEN_EMBROIDERED_3PC,Women's Fashion,1222.67,19,2026-04-26,23230.73
WOMEN_EMBROIDERED_3PC,Women's Fashion,1235.5,18,2026-04-27,22239.0
WOMEN_EMBROIDERED_3PC,Women's Fashion,1206.76,24,2026-04-28,28962.24
WOMEN_EMBROIDERED_3PC,Women's Fashion,1280.04,21,2026-04-29,26880.84
WOMEN_EMBROIDERED_3PC,Women's Fashion,1288.01,26,2026-04-30,33488.26
WOMEN_EMBROIDERED_3PC,Women's Fashion,1265.09,14,2026-05-01,17711.26
WOMEN_EMBROIDERED_3PC,Women's Fashion,1233.3,12,2026-05-02,14799.6
WOMEN_EMBROIDERED_3PC,Women's Fashion,1266.95,20,2026-05-03,25339.0
WOMEN_EMBROIDERED_3PC,Women's Fashion,1246.52,29,2026-05-04,36149.08
WOMEN_EMBROIDERED_3PC,Women's Fashion,1206.01,23,2026-05-05,27738.23
WOMEN_EMBROIDERED_3PC,Women's Fashion,1217.53,24,2026-05-06,29220.72
WOMEN_EMBROIDERED_3PC,Women's Fashion,1269.0,22,2026-05-07,27918.0
WOMEN_EMBROIDERED_3PC,Women's Fashion,1209.67,20,2026-05-08,24193.4
WOMEN_EMBROIDERED_3PC,Women's Fashion,1245.04,13,2026-05-09,16185.52
WOMEN_EMBROIDERED_3PC,Women's Fashion,1266.49,16,2026-05-10,20263.84
WOMEN_EMBROIDERED_3PC,Women's Fashion,1279.54,26,2026-05-11,33268.04
