horizon,pattern,method,eligible,pooled_gain_percent,pooled_error_units,cells,winning_cells,worst_cell_gain_percent,minimum_fold_gain_percent,minimum_products,minimum_origins_per_store,enough_evidence,consistent,meaningful_gain,reason
7,regular,croston_sba,False,-14.806618807127956,6098.436588513646,9,2,-35.00899666866085,-30.67570943720355,3,33,False,False,False,insufficient_evidence
7,regular,direct_personalized,False,-2.419913241194287,5440.464607287198,9,4,-16.11432342385784,-6.706788893368174,3,33,False,False,False,insufficient_evidence
7,regular,mean_28,False,-12.845245837860583,5994.250011086464,9,0,-33.20074248587173,-25.083783437412702,3,33,False,False,False,insufficient_evidence
7,regular,mean_7,False,-7.682329835122742,5720.000005453825,9,1,-24.2020868417807,-10.725360001070369,3,33,False,False,False,insufficient_evidence
7,regular,tsb,False,-4.71752263699179,5562.511797170769,9,2,-13.42072171816683,-10.862884703101736,3,33,False,False,False,insufficient_evidence
7,occasional,croston_sba,False,-22.98049158725326,14342.011840980333,9,0,-45.89281288339304,-33.1179099771293,33,33,True,False,False,inconsistent_gain
7,occasional,direct_personalized,False,-0.8547500418286507,11761.703020131215,9,6,-11.50147878925019,-3.517294799385136,33,33,True,False,False,inconsistent_gain
7,occasional,mean_28,False,-7.693589755634964,12559.25000411272,9,0,-17.400753335587584,-10.095599806313373,33,33,True,False,False,inconsistent_gain
7,occasional,mean_7,False,-17.132347876309804,13660.000041648746,9,0,-22.406800171924868,-18.770013891379644,33,33,True,False,False,inconsistent_gain
7,occasional,tsb,False,-2.265241363919851,11926.19482677422,9,0,-6.1761061782940105,-3.6642095367663043,33,33,True,False,False,inconsistent_gain
7,rare,croston_sba,False,-16.164797523878512,2133.816033586962,9,1,-33.47231603767208,-19.95342146396884,11,33,True,False,False,inconsistent_gain
7,rare,direct_personalized,False,-0.6395478973219872,1848.6347455829382,9,4,-3.0774609555825103,-1.022025213665216,11,33,True,False,False,inconsistent_gain
7,rare,mean_28,True,8.255105915253777,1685.2500083558261,9,9,3.0471618862739813,5.4088806124852695,11,33,True,True,True,passed_all_gates
7,rare,mean_7,False,-0.060594645356378575,1838.0000287145376,9,4,-8.291214148661487,-3.8280778730115648,11,33,True,False,False,inconsistent_gain
7,rare,tsb,True,9.042413265194542,1670.7880622028263,9,9,5.401888772707385,6.837886910721732,11,33,True,True,True,passed_all_gates
7,dormant,croston_sba,False,-960.7594881086002,347.20449643417004,6,1,-3414.088760302417,-1115.158030308794,1,7,False,False,False,insufficient_evidence
7,dormant,direct_personalized,False,3.3758593744343495,31.626713185571134,6,4,-35.67325890771602,-12.847565948427915,1,7,False,False,False,insufficient_evidence
7,dormant,mean_28,False,66.39342379194412,11.0,6,6,35.799155849124226,60.424087483815526,1,7,False,True,True,insufficient_evidence
7,dormant,mean_7,False,66.39342379194412,11.0,6,6,35.799155849124226,60.424087483815526,1,7,False,True,True,insufficient_evidence
7,dormant,tsb,False,66.39342369822322,11.000000030676432,6,6,35.79915582377035,60.42408739004739,1,7,False,True,True,insufficient_evidence
28,regular,croston_sba,False,-5.459819065767434,5440.783475801127,9,5,-54.983290089846484,-13.256301011706919,3,8,False,False,False,insufficient_evidence
28,regular,direct_personalized,False,-6.066017182283731,5472.057877033949,9,2,-32.81967279158353,-14.843603826326095,3,8,False,False,False,insufficient_evidence
28,regular,mean_28,False,-4.087808373338147,5369.999994754791,9,2,-17.51523390169383,-9.272859052242685,3,8,False,False,False,insufficient_evidence
28,regular,mean_7,False,-14.53535397205717,5908.999909222126,9,2,-56.80974354436709,-46.35302460224598,3,8,False,False,False,insufficient_evidence
28,regular,tsb,False,0.5625224019093907,5130.084517342511,9,4,-10.89753442670161,-8.092680018650409,3,8,False,False,False,insufficient_evidence
28,occasional,croston_sba,False,-7.02198834130002,10531.391626236493,9,3,-40.71089930766399,-25.793857707945264,31,8,True,False,False,inconsistent_gain
28,occasional,direct_personalized,False,1.1548457057151014,9726.758457422256,9,6,-2.066942228828104,0.5977179404868932,31,8,True,False,False,inconsistent_gain
28,occasional,mean_28,False,-3.6543238828590345,10199.999976471066,9,4,-12.831413062785373,-6.8664303904739326,31,8,True,False,False,inconsistent_gain
28,occasional,mean_7,False,-30.96012463928922,12886.999964892864,9,0,-47.36697230458484,-32.89855414850949,31,8,True,False,False,inconsistent_gain
28,occasional,tsb,False,-2.6427562466124264,10100.457675876112,9,3,-12.144741315643873,-4.898859383280338,31,8,True,False,False,inconsistent_gain
28,rare,croston_sba,False,0.910696791398586,1550.2692472525773,9,4,-23.588784892986087,-1.606305245764756,11,8,True,False,False,inconsistent_gain
28,rare,direct_personalized,False,-4.374285051162619,1632.9537001401186,9,3,-25.087316481069134,-9.818407248549226,11,8,True,False,False,inconsistent_gain
28,rare,mean_28,False,19.847480246108237,1254.0000024288893,9,7,-6.8573987339578295,-2.4605330670626437,11,8,True,False,True,inconsistent_gain
28,rare,mean_7,False,-10.257653883745295,1725.0000207424164,9,2,-45.300887107304206,-23.32076288464323,11,8,True,False,False,inconsistent_gain
28,rare,tsb,True,18.311534128753962,1278.0301444731683,9,9,2.856786718062749,3.6764705447962096,11,8,True,True,True,passed_all_gates
28,dormant,croston_sba,False,-522.6765076807227,373.1084278077921,6,1,-1706.9249913588217,-560.7390404513992,1,2,False,False,False,insufficient_evidence
28,dormant,direct_personalized,False,-15.399917066655767,69.14775343984365,6,5,-121.12386854952791,-28.296199412930672,1,2,False,False,False,insufficient_evidence
28,dormant,mean_28,False,44.92666682927521,33.0,6,6,9.310667156300124,37.12271399900155,1,2,False,True,True,insufficient_evidence
28,dormant,mean_7,False,44.92666682927521,33.0,6,6,9.310667156300124,37.12271399900155,1,2,False,True,True,insufficient_evidence
28,dormant,tsb,False,44.92666675239359,33.000000046067555,6,6,9.310666867758746,37.122713905225545,1,2,False,True,True,insufficient_evidence
