store,horizon,pattern,method,MAE_total_units,WAPE_percent,bias_percent,windows,rows,products,actual_units,absolute_error_units,zero_actual_windows,zero_total_products,median_product_WAPE_percent,positive_total_products,predicted_units_on_zero_actual_windows
CA_1,7,dormant,cautious_group_route,0.2614044746045362,,,13,22,2,0.0,5.750898441299796,22,2,,0,5.750898441299796
CA_1,7,dormant,croston_sba,3.103031024108428,,,13,22,2,0.0,68.26668253038541,22,2,,0,68.26668253038541
CA_1,7,dormant,direct_general,0.2614044746045362,,,13,22,2,0.0,5.750898441299796,22,2,,0,5.750898441299796
CA_1,7,dormant,direct_personalized,0.3460674951360984,,,13,22,2,0.0,7.613484892994165,22,2,,0,7.613484892994165
CA_1,7,dormant,mean_28,0.0,,,13,22,2,0.0,0.0,22,2,,0,0.0
CA_1,7,dormant,mean_7,0.0,,,13,22,2,0.0,0.0,22,2,,0,0.0
CA_1,7,dormant,tsb,2.5935657196679434e-09,,,13,22,2,0.0,5.705844583269476e-08,22,2,,0,5.705844583269476e-08
CA_1,7,occasional,cautious_group_route,4.659513875313881,44.344805347447455,1.8027514792667314,13,469,40,4928.0,2185.3120075222105,54,1,49.315664568735706,39,311.07273061200976
CA_1,7,occasional,croston_sba,5.894190958737859,56.09528327207906,6.735924357641887,13,469,40,4928.0,2764.375559648056,54,1,49.07572230174246,39,773.4192171114443
CA_1,7,occasional,direct_general,4.659513875313881,44.344805347447455,1.8027514792667314,13,469,40,4928.0,2185.3120075222105,54,1,49.315664568735706,39,311.07273061200976
CA_1,7,occasional,direct_personalized,4.703083603974504,44.7594604355528,5.87446949971604,13,469,40,4928.0,2205.746210264042,54,1,50.561001692568105,39,328.42619380168617
CA_1,7,occasional,mean_28,5.802771842325611,55.2252433857693,2.272727457404306,13,469,40,4928.0,2721.4999940507114,54,1,52.232143708637786,39,489.2500015310943
CA_1,7,occasional,mean_7,5.3240938424937,50.66964310327811,1.4001631347293215,13,469,40,4928.0,2497.000012129545,54,1,61.2903235420104,39,149.00000321865082
CA_1,7,occasional,tsb,5.243185191176335,49.899631791024774,3.2998071646868827,13,469,40,4928.0,2459.053854661701,54,1,53.060720710052315,39,338.3051115600179
CA_1,7,rare,cautious_group_route,1.0224746862354257,74.20244865822804,-9.790808143746943,13,127,13,175.0,129.85428515189906,53,2,79.60019395818615,11,30.38381274086423
CA_1,7,rare,croston_sba,1.2427127959163966,90.18544290364707,-4.581007745547905,13,127,13,175.0,157.82452508138238,53,2,74.02093814356164,11,65.23045818685775
CA_1,7,rare,direct_general,1.1540690435345953,83.75243915936777,7.358506695500442,13,127,13,175.0,146.5667685288936,53,2,73.96160530808724,11,47.701945919543505
CA_1,7,rare,direct_personalized,1.1908958892917305,86.42501596574273,11.207855732313224,13,127,13,175.0,151.24377794004977,53,2,73.7965339892789,11,51.712174663320184
CA_1,7,rare,mean_28,1.0118110317179536,73.42857201610293,-17.14285558462143,13,127,13,175.0,128.50000102818012,53,2,78.84615573745508,11,29.000000670552254
CA_1,7,rare,mean_7,1.228346474527374,89.14285843712943,-6.857140064239499,13,127,13,175.0,156.0000022649765,53,2,94.73684265425331,11,35.00000125169754
CA_1,7,rare,tsb,1.0224746862354257,74.20244865822804,-9.790808143746943,13,127,13,175.0,129.85428515189906,53,2,79.60019395818615,11,30.38381274086423
CA_1,7,regular,cautious_group_route,7.855112474359257,22.588618294026215,-9.290932750185283,13,71,7,2469.0,557.7129856795073,0,0,24.872485318446206,7,0.0
CA_1,7,regular,croston_sba,7.44297843370478,21.4034616765103,-6.0309548817986744,13,71,7,2469.0,528.4514687930393,0,0,24.24581594054065,7,0.0
CA_1,7,regular,direct_general,7.855112474359257,22.588618294026215,-9.290932750185283,13,71,7,2469.0,557.7129856795073,0,0,24.872485318446206,7,0.0
CA_1,7,regular,direct_personalized,7.464626207108229,21.465713272769715,-6.588802199679476,13,71,7,2469.0,529.9884607046843,0,0,24.313176483721346,7,0.0
CA_1,7,regular,mean_28,7.468309865870946,21.476306216153795,-3.837586463149524,13,71,7,2469.0,530.2500004768372,0,0,25.442042987801003,7,0.0
CA_1,7,regular,mean_7,9.309859178855385,26.771972527287662,-0.5265288637349732,13,71,7,2469.0,661.0000016987324,0,0,31.038647630940314,7,0.0
CA_1,7,regular,tsb,7.508767410699201,21.592648285121232,-1.4747141385201976,13,71,7,2469.0,533.1224861596432,0,0,24.2523633530457,7,0.0
CA_1,28,dormant,cautious_group_route,3.1247259110212324,,,3,5,2,0.0,15.623629555106163,5,2,,0,15.623629555106163
CA_1,28,dormant,croston_sba,12.298899856222258,,,3,5,2,0.0,61.49449928111129,5,2,,0,61.49449928111129
CA_1,28,dormant,direct_general,3.1247259110212324,,,3,5,2,0.0,15.623629555106163,5,2,,0,15.623629555106163
CA_1,28,dormant,direct_personalized,3.1227630406618117,,,3,5,2,0.0,15.61381520330906,5,2,,0,15.61381520330906
CA_1,28,dormant,mean_28,0.0,,,3,5,2,0.0,0.0,5,2,,0,0.0
CA_1,28,dormant,mean_7,0.0,,,3,5,2,0.0,0.0,5,2,,0,0.0
CA_1,28,dormant,tsb,2.5093230006937308e-08,,,3,5,2,0.0,1.2546615003468654e-07,5,2,,0,1.2546615003468654e-07
CA_1,28,occasional,cautious_group_route,13.111686577541487,30.277701575585137,-4.058846519010157,3,105,37,4547.0,1376.7270906418562,2,0,34.66215460531175,37,13.525047481060028
CA_1,28,occasional,croston_sba,16.839812055261067,38.886744354572514,-0.36887912021279307,3,105,37,4547.0,1768.1802658024121,2,0,34.745184526275644,37,22.362955477873715
CA_1,28,occasional,direct_general,13.111686577541487,30.277701575585137,-4.058846519010157,3,105,37,4547.0,1376.7270906418562,2,0,34.66215460531175,37,13.525047481060028
CA_1,28,occasional,direct_personalized,12.08213238361336,27.900239724640482,-0.7776720640631536,3,105,37,4547.0,1268.6239002794027,2,0,36.972482679607154,37,15.416798502206802
CA_1,28,occasional,mean_28,16.628571183198975,38.39894379230025,0.04398470000169858,3,105,37,4547.0,1745.9999742358923,2,0,38.46153754454393,37,3.0000001341104507
CA_1,28,occasional,mean_7,18.46666660876501,42.643501075881375,-8.687045955909644,3,105,37,4547.0,1938.9999939203262,2,0,50.00000149011612,37,4.000000178813934
CA_1,28,occasional,tsb,13.34666732628619,30.820322614032325,-3.115942014404152,3,105,37,4547.0,1401.4000692600498,2,0,40.822799522991325,37,6.93869229378339
CA_1,28,rare,cautious_group_route,3.0893113009786215,50.67124356102501,-22.610329417078397,3,31,13,189.0,95.76865033033727,5,2,47.7644612777337,11,0.6286644380533892
CA_1,28,rare,croston_sba,3.627821020042925,59.503942656788716,-8.240658447463082,3,31,13,189.0,112.46245162133067,5,2,27.134527931272313,11,28.203402374929553
CA_1,28,rare,direct_general,3.270379539939665,53.64114589319027,1.4673573235986095,3,31,13,189.0,101.38176573812962,5,2,32.54398219287395,11,18.830674171447754
CA_1,28,rare,direct_personalized,3.2925092078024343,54.00411928141558,7.619613850558245,3,31,13,189.0,102.06778544187546,5,2,30.976665927016217,11,20.993292331695557
CA_1,28,rare,mean_28,2.9677419537498104,48.677248976848745,-24.338623219066196,3,31,13,189.0,92.00000056624413,5,2,41.37931034482759,11,2.000000089406967
CA_1,28,rare,mean_7,4.5483872044471,74.60317636923816,-13.22751089378639,3,31,13,189.0,141.0000033378601,5,2,73.33333293596904,11,0.0
CA_1,28,rare,tsb,3.0893113009786215,50.67124356102501,-22.610329417078397,3,31,13,189.0,95.76865033033727,5,2,47.7644612777337,11,0.6286644380533892
CA_1,28,regular,cautious_group_route,32.250348303053116,24.76562582998959,-18.55229593991419,3,18,6,2344.0,580.506269454956,0,0,26.42489137773771,6,0.0
CA_1,28,regular,croston_sba,28.358088831377884,21.776689375631484,-11.8704631257274,3,18,6,2344.0,510.44559896480195,0,0,23.565783140338787,6,0.0
CA_1,28,regular,direct_general,32.250348303053116,24.76562582998959,-18.55229593991419,3,18,6,2344.0,580.506269454956,0,0,26.42489137773771,6,0.0
CA_1,28,regular,direct_personalized,28.098029517465168,21.57698512433332,-15.35893385981944,3,18,6,2344.0,505.764531314373,0,0,25.93520179245008,6,0.0
CA_1,28,regular,mean_28,25.44444439146254,19.539249106071914,-8.873720584062179,3,18,6,2344.0,457.9999990463257,0,0,22.164965629157038,6,0.0
CA_1,28,regular,mean_7,34.00000095367432,26.109215749408612,-8.191126483292308,3,18,6,2344.0,612.0000171661378,0,0,18.18077460361687,6,0.0
CA_1,28,regular,tsb,24.44199375583456,18.769449129907084,-7.449139368377484,3,18,6,2344.0,439.9558876050221,0,0,19.247059335513843,6,0.0
TX_1,7,occasional,cautious_group_route,3.538194148966428,49.364495686610645,2.4550304173322273,13,406,37,2910.0,1436.5068244803697,72,2,49.32022519954821,35,210.0647834893316
TX_1,7,occasional,croston_sba,4.2113211174522345,58.75588913008959,5.237145163995294,13,406,37,2910.0,1709.7963736856073,72,2,52.73941184412528,35,401.12530750214296
TX_1,7,occasional,direct_general,3.538194148966428,49.364495686610645,2.4550304173322273,13,406,37,2910.0,1436.5068244803697,72,2,49.32022519954821,35,210.0647834893316
TX_1,7,occasional,direct_personalized,3.522363155736161,49.1436234099272,-1.2522289764353705,13,406,37,2910.0,1430.0794412288815,72,2,49.247808082074656,35,204.7627453133464
TX_1,7,occasional,mean_28,4.176724116377569,58.273195575577084,4.029209196849173,13,406,37,2910.0,1695.749991249293,72,2,59.374999813735485,35,265.7500028051436
TX_1,7,occasional,mean_7,4.2660098422337045,59.51890020436028,1.8556708210112718,13,406,37,2910.0,1731.9999959468842,72,2,71.05263287299557,35,151.00000393390656
TX_1,7,occasional,tsb,3.936159959837025,54.916870917313815,3.0537134850980934,13,406,37,2910.0,1598.080943693832,72,2,60.077491060947,35,218.71476378191016
TX_1,7,rare,cautious_group_route,1.2249973012572544,78.2267298357214,-21.035154912605485,13,235,21,368.0,287.87436579545476,119,2,92.66350916714266,19,58.52748175247174
TX_1,7,rare,croston_sba,1.5063628878013575,96.19436919383669,-25.39462139720877,13,235,21,368.0,353.995278633319,119,2,100.01231168970719,19,112.5066957482018
TX_1,7,rare,direct_general,1.276463405114222,81.51328809832668,8.067288045751173,13,235,21,368.0,299.9689002018422,119,2,91.46309984991184,19,98.41800443828106
TX_1,7,rare,direct_personalized,1.3529206919384764,86.3957507080277,13.289976585656404,13,235,21,368.0,317.93636260554194,119,2,94.75566139444709,19,98.67944986186922
TX_1,7,rare,mean_28,1.2372340479905302,79.00815252113439,-19.769020391749624,13,235,21,368.0,290.7500012777746,119,2,94.4444448997577,19,56.500001300126314
TX_1,7,rare,mean_7,1.4212766078558374,90.76087033862005,-9.239129296949375,13,235,21,368.0,334.0000028461218,119,2,106.66666756073634,19,54.00000220537186
TX_1,7,rare,tsb,1.2249973012572544,78.2267298357214,-21.035154912605485,13,235,21,368.0,287.87436579545476,119,2,92.66350916714266,19,58.52748175247174
TX_1,7,regular,cautious_group_route,8.330838985430697,23.647561874670224,2.081737416619596,13,48,5,1691.0,399.8802713006735,0,0,28.807701339721678,5,0.0
TX_1,7,regular,croston_sba,8.259077011019308,23.443861415075503,1.105709278942125,13,48,5,1691.0,396.43569652892677,0,0,29.141729759003553,5,0.0
TX_1,7,regular,direct_general,8.330838985430697,23.647561874670224,2.081737416619596,13,48,5,1691.0,399.8802713006735,0,0,28.807701339721678,5,0.0
TX_1,7,regular,direct_personalized,8.864296851369241,25.161812469883124,-3.4486801709951123,13,48,5,1691.0,425.4862488657236,0,0,30.653645310401917,5,0.0
TX_1,7,regular,mean_28,8.614583405355612,24.452986603020072,8.04257810926522,13,48,5,1691.0,413.5000034570694,0,0,28.519999542236327,5,0.0
TX_1,7,regular,mean_7,11.333333291113377,32.1703133041657,2.602010820829821,13,48,5,1691.0,543.9999979734421,0,0,33.1914884486097,5,0.0
TX_1,7,regular,tsb,8.458067590045752,24.008707529402493,6.34321100144188,13,48,5,1691.0,405.98724432219615,0,0,30.247889922435867,5,0.0
TX_1,28,occasional,cautious_group_route,10.048101748133961,34.411307356623155,2.4180393335667967,3,95,35,2774.0,954.5696660727262,3,1,34.892163922389344,34,29.963870525360107
TX_1,28,occasional,croston_sba,9.335014123874272,31.96922645162422,4.445108109564955,3,95,35,2774.0,886.8263417680558,3,1,25.927592065125104,34,51.977975655410425
TX_1,28,occasional,direct_general,10.048101748133961,34.411307356623155,2.4180393335667967,3,95,35,2774.0,954.5696660727262,3,1,34.892163922389344,34,29.963870525360107
TX_1,28,occasional,direct_personalized,10.25949960633328,35.13527262442904,-2.254373771987893,3,95,35,2774.0,974.6524626016617,3,1,33.79175919507951,34,29.504415690898895
TX_1,28,occasional,mean_28,12.252631454248178,41.961066624137594,5.839941987973282,3,95,35,2774.0,1163.9999881535769,3,1,35.14705958904004,34,22.000000149011612
TX_1,28,occasional,mean_7,15.494737059191653,53.064168010930324,1.8024529066546502,3,95,35,2774.0,1472.000020623207,3,1,47.59725387500134,34,20.00000047683716
TX_1,28,occasional,tsb,11.028400848555043,37.76849605669535,4.234663154280707,3,95,35,2774.0,1047.698080612729,3,1,34.17383019045479,34,23.047018003926027
TX_1,28,rare,cautious_group_route,4.033699106020107,59.88404835267946,-38.65255732026741,3,53,20,357.0,213.78605261906566,11,2,60.088099276646076,18,7.756481844038903
TX_1,28,rare,croston_sba,4.496378764340789,66.75296204763636,-41.54459052058164,3,53,20,357.0,238.3080745100618,11,2,53.0106915329089,18,26.671584596016686
TX_1,28,rare,direct_general,4.990856122717543,74.09394243810357,9.99423026913354,3,53,20,357.0,264.51537450402975,11,2,58.49926687164224,18,42.49735840409994
TX_1,28,rare,direct_personalized,4.727289437685373,70.18104767432065,5.836895784410112,3,53,20,357.0,250.54634019732475,11,2,58.52144924657686,18,41.29878091067076
TX_1,28,rare,mean_28,3.999999977226527,59.383753163306984,-39.21568501813739,3,53,20,357.0,211.99999879300594,11,2,65.15151495960626,18,6.000000163912773
TX_1,28,rare,mean_7,4.547169856305392,67.50700346895961,-35.01400363211538,3,53,20,357.0,241.0000023841858,11,2,75.22281623991628,18,12.000000536441803
TX_1,28,rare,tsb,4.033699106020107,59.88404835267946,-38.65255732026741,3,53,20,357.0,213.78605261906566,11,2,60.088099276646076,18,7.756481844038903
TX_1,28,regular,cautious_group_route,21.136697108095344,15.397593919804555,1.003881487625327,3,11,5,1510.0,232.50366818904877,0,0,15.262177185468014,5,0.0
TX_1,28,regular,croston_sba,23.861816688739065,17.382780369280113,2.1808903413313465,3,11,5,1510.0,262.4799835761297,0,0,19.461117994175062,5,0.0
TX_1,28,regular,direct_general,21.136697108095344,15.397593919804555,1.003881487625327,3,11,5,1510.0,232.50366818904877,0,0,15.262177185468014,5,0.0
TX_1,28,regular,direct_personalized,28.047424495220184,20.431898638902123,-12.172708515299867,3,11,5,1510.0,308.521669447422,0,0,22.912622330745197,5,0.0
TX_1,28,regular,mean_28,27.727272683923896,20.19867546511012,12.6490068435669,3,11,5,1510.0,304.99999952316284,0,0,27.93866990981353,5,0.0
TX_1,28,regular,mean_7,28.545455239035867,20.79470249201288,-4.9006625042845835,3,11,5,1510.0,314.00000762939453,0,0,23.893805309734514,5,0.0
TX_1,28,regular,tsb,23.905735353325728,17.414774098449207,7.771586663334665,3,11,5,1510.0,262.963088886583,0,0,22.437705581970786,5,0.0
WI_1,7,dormant,cautious_group_route,0.3955617217967908,,,9,15,2,0.0,5.933425826951861,15,2,,0,5.933425826951861
WI_1,7,dormant,croston_sba,2.928649234846969,,,9,15,2,0.0,43.92973852270453,15,2,,0,43.92973852270453
WI_1,7,dormant,direct_general,0.3955617217967908,,,9,15,2,0.0,5.933425826951861,15,2,,0,5.933425826951861
WI_1,7,dormant,direct_personalized,0.3665173172950745,,,9,15,2,0.0,5.497759759426117,15,2,,0,5.497759759426117
WI_1,7,dormant,mean_28,0.0,,,9,15,2,0.0,0.0,15,2,,0,0.0
WI_1,7,dormant,mean_7,0.0,,,9,15,2,0.0,0.0,15,2,,0,0.0
WI_1,7,dormant,tsb,4.4801666765548e-09,,,9,15,2,0.0,6.7202500148322e-08,15,2,,0,6.7202500148322e-08
WI_1,7,occasional,cautious_group_route,3.4139104420134982,34.320133696777326,-1.4367507208077785,13,455,37,4526.0,1553.3292511161417,42,0,41.00587270496523,37,175.08860821276903
WI_1,7,occasional,croston_sba,4.26091759721162,42.83511945937444,-0.9095680472949413,13,455,37,4526.0,1938.7175067312871,42,0,42.98059077476071,37,402.8411498838532
WI_1,7,occasional,direct_general,3.4139104420134982,34.320133696777326,-1.4367507208077785,13,455,37,4526.0,1553.3292511161417,42,0,41.00587270496523,37,175.08860821276903
WI_1,7,occasional,direct_personalized,3.468484973453067,34.86877293241594,-2.2601963102346736,13,455,37,4526.0,1578.1606629211456,42,0,40.15901732173833,37,163.54298744350672
WI_1,7,occasional,mean_28,4.131868102237746,41.53778140782533,-1.5355720759669436,13,455,37,4526.0,1879.9999865181744,42,0,44.943819822890035,37,264.74999832734466
WI_1,7,occasional,mean_7,4.351648372706476,43.74723839110576,-0.04418887168340161,13,455,37,4526.0,1980.0000095814466,42,0,55.05617920602305,37,140.00000031292439
WI_1,7,occasional,tsb,3.7958758254559837,38.160041992542475,-0.11096987307367047,13,455,37,4526.0,1727.1235005824726,42,0,42.2247025249589,37,196.23631694755267
WI_1,7,rare,cautious_group_route,0.7900445167335968,84.53979542117469,-3.618299763803501,13,168,16,157.0,132.72747881124425,73,2,78.57614912419226,14,47.06095208560532
WI_1,7,rare,croston_sba,0.8564270758000913,91.64315206013715,2.243252050057749,13,168,16,157.0,143.87974873441533,73,2,72.03380282894526,14,69.81611303493828
WI_1,7,rare,direct_general,0.8004214548771935,85.65019389768695,20.951417933224114,13,168,16,157.0,134.4708044193685,73,2,71.25565572124388,14,65.68712932802737
WI_1,7,rare,direct_personalized,0.815836364081839,87.29968736671908,20.655910610250988,13,168,16,157.0,137.06050916574895,73,2,71.47967702605658,14,67.84954865276814
WI_1,7,rare,mean_28,0.7842261958645568,83.91719802881882,-5.891717797157112,13,168,16,157.0,131.75000090524554,73,2,76.04166697710752,14,47.000000953674316
WI_1,7,rare,mean_7,0.8988095486447925,96.17834660657653,-3.184709579321989,13,168,16,157.0,151.00000417232513,73,2,105.55555821647721,14,48.00000183284283
WI_1,7,rare,tsb,0.7900445167335968,84.53979542117469,-3.618299763803501,13,168,16,157.0,132.72747881124425,73,2,78.57614912419226,14,47.06095208560532
WI_1,7,regular,cautious_group_route,9.208289905213842,32.16594418944561,3.7568907694865565,13,51,5,1460.0,469.62278516590595,2,0,34.88287785346957,5,57.22952836751938
WI_1,7,regular,croston_sba,11.139883649154985,38.913292199103026,10.592170088404325,13,51,5,1460.0,568.1340661069042,2,0,38.53768132251467,5,140.83759314127536
WI_1,7,regular,direct_general,9.208289905213842,32.16594418944561,3.7568907694865565,13,51,5,1460.0,469.62278516590595,2,0,34.88287785346957,5,57.22952836751938
WI_1,7,regular,direct_personalized,9.12966514481049,31.891296053790068,1.5207708729048308,13,51,5,1460.0,465.61292238533497,2,0,33.6290972388309,5,53.320372730493546
WI_1,7,regular,mean_28,10.480392044665766,36.60958864917494,10.547945074839133,13,51,5,1460.0,534.4999942779541,2,0,38.64734380141549,5,98.75000047683716
WI_1,7,regular,mean_7,10.196078515520282,35.616438650105096,5.068493575265966,13,51,5,1460.0,520.0000042915344,2,0,36.312849250807666,5,30.999998569488525
WI_1,7,regular,tsb,10.022374192550336,35.00966327534706,10.414971696472756,13,51,5,1460.0,511.1410838200671,2,0,39.51049859237893,5,71.89771614324819
WI_1,28,dormant,cautious_group_route,8.63126132885615,,,2,3,2,0.0,25.89378398656845,3,2,,0,25.89378398656845
WI_1,28,dormant,croston_sba,12.904693088141572,,,2,3,2,0.0,38.71407926442472,3,2,,0,38.71407926442472
WI_1,28,dormant,direct_general,8.63126132885615,,,2,3,2,0.0,25.89378398656845,3,2,,0,25.89378398656845
WI_1,28,dormant,direct_personalized,9.838078697522482,,,2,3,2,0.0,29.514236092567444,3,2,,0,29.514236092567444
WI_1,28,dormant,mean_28,0.0,,,2,3,2,0.0,0.0,3,2,,0,0.0
WI_1,28,dormant,mean_7,0.0,,,2,3,2,0.0,0.0,3,2,,0,0.0
WI_1,28,dormant,tsb,4.6846326447187404e-08,,,2,3,2,0.0,1.405389793415622e-07,3,2,,0,1.405389793415622e-07
WI_1,28,occasional,cautious_group_route,9.634927701837611,24.075962668429675,-8.439289211861539,3,106,37,4242.0,1021.3023363947868,1,0,21.586725395172834,37,5.569813713431359
WI_1,28,occasional,croston_sba,13.659081703399025,34.13160444508007,-6.92258589775295,3,106,37,4242.0,1447.8626605602967,1,0,25.241020046443186,37,9.118516703398464
WI_1,28,occasional,direct_general,9.634927701837611,24.075962668429675,-8.439289211861539,3,106,37,4242.0,1021.3023363947868,1,0,21.586725395172834,37,5.569813713431359
WI_1,28,occasional,direct_personalized,9.462854418692723,23.645982281504686,-12.180252310339988,3,106,37,4242.0,1003.0625683814287,1,0,24.035337763632125,37,5.683386221528054
WI_1,28,occasional,mean_28,12.811320640990195,32.013201035949095,-5.044789850810182,3,106,37,4242.0,1357.9999879449606,1,0,24.999997951090336,37,1.0000000447034836
WI_1,28,occasional,mean_7,15.547169907475418,38.84959948591217,-9.288070845131825,3,106,37,4242.0,1648.0000101923943,1,0,38.63636390729384,37,0.0
WI_1,28,occasional,tsb,11.32622930820632,28.302223165249178,-6.300124939722764,3,106,37,4242.0,1200.58030666987,1,0,27.521258380426143,37,0.5395854879790787
WI_1,28,rare,cautious_group_route,2.0307526375922498,54.620243355929475,-0.7078301518825377,3,39,15,145.0,79.19935286609774,5,2,58.22084207558827,13,4.066008426371318
WI_1,28,rare,croston_sba,1.8748035034148012,50.42574940219121,4.458587176995321,3,39,15,145.0,73.11733663317725,5,2,34.17025437231244,13,27.247661096737367
WI_1,28,rare,direct_general,1.676394945726945,45.089243367828175,29.976749980244144,3,39,15,145.0,65.37940288335085,5,2,40.892212092876434,13,15.137601166963577
WI_1,28,rare,direct_personalized,1.6116835562846599,43.34873013455292,21.842697365530604,3,39,15,145.0,62.85565869510174,5,2,42.40953798095385,13,12.16568398475647
WI_1,28,rare,mean_28,1.7179486931134493,46.20689588374105,-2.0689638010386764,3,39,15,145.0,66.99999903142452,5,2,62.49999552965164,13,4.000000178813934
WI_1,28,rare,mean_7,3.0512821628497195,82.06896851802695,-3.4482721213636705,3,39,15,145.0,119.00000435113907,5,2,100.0,13,4.000000178813934
WI_1,28,rare,tsb,2.0307526375922498,54.620243355929475,-0.7078301518825377,3,39,15,145.0,79.19935286609774,5,2,58.22084207558827,13,4.066008426371318
WI_1,28,regular,cautious_group_route,25.02536168423566,20.31579177318024,-0.706731723243461,3,11,4,1355.0,275.27897852659225,0,0,12.816299932071864,4,0.0
WI_1,28,regular,croston_sba,23.961680262763057,19.45228656017665,0.9676392144712578,3,11,4,1355.0,263.5784828903936,0,0,13.694495576388952,4,0.0
WI_1,28,regular,direct_general,25.02536168423566,20.31579177318024,-0.706731723243461,3,11,4,1355.0,275.27897852659225,0,0,12.816299932071864,4,0.0
WI_1,28,regular,direct_personalized,24.784873593937267,20.120561589174166,-7.438602755430442,3,11,4,1355.0,272.63360953330994,0,0,13.517027684211685,4,0.0
WI_1,28,regular,mean_28,29.90909056230026,24.280442522900582,7.453873553399235,3,11,4,1355.0,328.99999618530285,0,0,15.199107980411192,4,0.0
WI_1,28,regular,mean_7,25.909091212532736,21.03321057843986,3.0258311380759357,3,11,4,1355.0,285.0000033378601,0,0,19.29692841309006,4,0.0
WI_1,28,regular,tsb,24.54676734785737,19.927265005640667,6.204766973653527,3,11,4,1355.0,270.01444082643104,0,0,14.149674914711772,4,0.0
