store,horizon,method,MAE_total_units,WAPE_percent,bias_percent,windows,rows
CA_1,7,cautious_group_route,4.177982840050677,38.016774653921246,-2.006557745827622,13,689
CA_1,7,croston_sba,5.1072833614700475,46.47277121041816,3.2130480096230767,13,689
CA_1,7,direct_general,4.2022389842843415,38.23748890876798,-1.610211985543906,13,689
CA_1,7,direct_personalized,4.2011493959387085,38.227574403087296,2.0343840869052094,13,689
CA_1,7,mean_28,4.906023215610636,44.64144209661554,-0.16838349111681217,13,689
CA_1,7,mean_7,4.80986939926452,43.76650840059765,0.58108883414455,13,689
CA_1,7,tsb,4.531249094383601,41.23125496606314,1.4404370153355432,13,689
CA_1,28,cautious_group_route,13.010224150831796,29.21787627093581,-9.131800297940005,3,159
CA_1,28,croston_sba,15.42504915515507,34.64100022132283,-3.5183182831598865,3,159
CA_1,28,direct_general,13.04552676345942,29.29715756200633,-8.48904849087956,3,159
CA_1,28,direct_personalized,11.899811523515474,26.724152997725426,-5.160441709692867,3,159
CA_1,28,mean_28,14.440251407851964,32.42937816170144,-3.559322373804737,3,159
CA_1,28,mean_7,16.930817700781912,38.022599073789884,-8.64406751374067,3,159
CA_1,28,tsb,12.183173630948902,27.360517052554737,-5.070949613877642,3,159
TX_1,7,cautious_group_route,3.0831080719542783,42.75028097356606,0.5883315512380156,13,689
TX_1,7,croston_sba,3.570721841578887,49.511518390981145,1.5626134320274916,13,689
TX_1,7,direct_general,3.1006618229069454,42.99368074024724,2.743634229578778,13,689
TX_1,7,direct_personalized,3.154574822496585,43.74123672167734,-0.9227194822012685,13,689
TX_1,7,mean_28,3.483309137857964,48.299456550294565,3.632521400972976,13,689
TX_1,7,mean_7,3.7880986890659623,52.52565902126078,1.2879860748417504,13,689
TX_1,7,tsb,3.326476856039888,46.12482499117494,2.3891606031867276,13,689
TX_1,28,cautious_group_route,8.810436395476986,30.18442979704462,-1.2013490208375197,3,159
TX_1,28,croston_sba,8.727134590278286,29.89903899707493,0.17075102251580868,3,159
TX_1,28,direct_general,9.12948873437613,31.277498572846472,2.5407115629625534,3,159
TX_1,28,direct_personalized,9.646040705952254,33.047198281542954,-4.85900687493273,3,159
TX_1,28,mean_28,10.572326958929217,36.22064181145757,4.5895280881165395,3,159
TX_1,28,mean_7,12.748427865640172,43.67593257135935,-3.2105139657562844,3,159
TX_1,28,tsb,9.587718378103007,32.84738681573752,2.0864228589257814,3,159
WI_1,7,cautious_group_route,3.1373192175910654,35.18822954452619,-0.16155033683014702,13,689
WI_1,7,croston_sba,3.9109739624024837,43.865555267708146,2.6197342945047914,13,689
WI_1,7,direct_general,3.139849443437399,35.21660860375009,0.46639133310853614,13,689
WI_1,7,direct_personalized,3.173195724574246,35.590621100954834,-0.6864022601219367,13,689
WI_1,7,mean_28,3.6955732680716604,41.44961715287928,1.224971658682253,13,689
WI_1,7,mean_7,3.8476052511542904,43.15481064700157,1.090672697817953,13,689
WI_1,7,tsb,3.4412076390144937,38.59664761974583,2.301080249897751,13,689
WI_1,28,cautious_group_route,8.81556258977387,24.41090999258177,-5.968363513597643,3,159
WI_1,28,croston_sba,11.46712301476913,31.753266446330404,-4.099016923642055,3,159
WI_1,28,direct_general,8.728644665354079,24.170228174700426,-5.193500378947979,3,159
WI_1,28,direct_personalized,8.604189136493131,23.825602102096965,-9.688143905749182,3,159
WI_1,28,mean_28,11.031446434979168,30.54684749497889,-2.0202019563621447,3,159
WI_1,28,mean_7,12.905660489820084,35.73667742740149,-6.234760499922335,3,159
WI_1,28,tsb,9.747132707565644,26.990492868389715,-3.2079947932728134,3,159
