store,horizon,pattern,selected_method,forecast_windows
CA_1,7,dormant,direct_general,22
CA_1,7,occasional,direct_general,469
CA_1,7,rare,tsb,127
CA_1,7,regular,direct_general,71
CA_1,28,dormant,direct_general,5
CA_1,28,occasional,direct_general,105
CA_1,28,rare,tsb,31
CA_1,28,regular,direct_general,18
TX_1,7,occasional,direct_general,406
TX_1,7,rare,tsb,235
TX_1,7,regular,direct_general,48
TX_1,28,occasional,direct_general,95
TX_1,28,rare,tsb,53
TX_1,28,regular,direct_general,11
WI_1,7,dormant,direct_general,15
WI_1,7,occasional,direct_general,455
WI_1,7,rare,tsb,168
WI_1,7,regular,direct_general,51
WI_1,28,dormant,direct_general,3
WI_1,28,occasional,direct_general,106
WI_1,28,rare,tsb,39
WI_1,28,regular,direct_general,11
