horizon,origin,window_end
7,2015-12-01,2015-12-07
7,2015-12-08,2015-12-14
7,2015-12-15,2015-12-21
7,2015-12-22,2015-12-28
7,2015-12-29,2016-01-04
7,2016-01-05,2016-01-11
7,2016-01-12,2016-01-18
7,2016-01-19,2016-01-25
7,2016-01-26,2016-02-01
7,2016-02-02,2016-02-08
7,2016-02-09,2016-02-15
7,2016-02-16,2016-02-22
7,2016-02-23,2016-02-29
7,2016-03-01,2016-03-07
7,2016-03-08,2016-03-14
7,2016-03-15,2016-03-21
7,2016-03-22,2016-03-28
7,2016-03-29,2016-04-04
7,2016-04-05,2016-04-11
7,2016-04-12,2016-04-18
7,2016-04-19,2016-04-25
7,2016-04-26,2016-05-02
7,2016-05-03,2016-05-09
7,2016-05-10,2016-05-16
28,2015-12-01,2015-12-28
28,2015-12-29,2016-01-25
28,2016-01-26,2016-02-22
28,2016-02-23,2016-03-21
28,2016-03-22,2016-04-18
28,2016-04-19,2016-05-16
