horizon,method,MAE,RMSE,WAPE_percent,bias_percent,observations,origins,target_store,period
7,general,5.752458883767273,7.455439245769792,11.366142579092672,-0.8368858524196813,2100,6,1,validation
7,moving_average,8.850748299319728,11.686075206907432,17.48797673036961,-7.7284958882971715,2100,6,1,validation
7,personalized,5.73640401826966,7.437447597631598,11.334420163683678,-0.9213718207163151,2100,6,1,validation
7,seasonal_naive,8.602857142857143,11.17382144632201,16.99817466739429,-7.7284958882971715,2100,6,1,validation
14,general,5.775231278547811,7.480010456101623,11.3730964106908,-0.5775486611981431,4200,6,1,validation
14,moving_average,8.801190476190476,11.691724790270621,17.332082991442974,-8.036103622084164,4200,6,1,validation
14,personalized,5.768583602734092,7.476358258842114,11.360005219309901,-0.762161445291202,4200,6,1,validation
14,seasonal_naive,8.65547619047619,11.359210653327398,17.045129527605205,-8.036103622084164,4200,6,1,validation
30,general,5.761925388866704,7.473517964321128,11.35571055675637,0.06313362974640434,9000,6,1,validation
30,moving_average,8.835984126984128,11.739773761953824,17.41412313738077,-7.964641634765993,9000,6,1,validation
30,personalized,5.752104359055364,7.470338884549424,11.33635508712076,-0.25506888928015115,9000,6,1,validation
30,seasonal_naive,8.749,11.458829686219174,17.24269318950736,-8.056926004515365,9000,6,1,validation
7,general,6.06111360695917,7.7096307949219804,10.68719181069048,0.3373649847286613,2100,6,1,final_test
7,moving_average,9.838299319727891,12.787565707932604,17.34727291700902,4.657469836018772,2100,6,1,final_test
7,personalized,6.062241938460409,7.707211041467127,10.689181328782658,0.2380745665543162,2100,6,1,final_test
7,seasonal_naive,10.094761904761905,13.133145998180474,17.799477745405085,4.657469836018774,2100,6,1,final_test
14,general,5.92121451613564,7.588647706504246,10.542534525301594,0.0038763410814713598,4200,6,1,final_test
14,moving_average,10.32860544217687,13.359782015819123,18.389754192427436,5.680117680473774,4200,6,1,final_test
14,personalized,5.923631115883634,7.592641446253111,10.54683720445764,-0.0889337168265124,4200,6,1,final_test
14,seasonal_naive,10.222619047619048,13.346704604864971,18.2010487805912,5.680117680473774,4200,6,1,final_test
30,general,5.960400426644898,7.669116379524858,10.664308345553673,-0.15374086808998372,9000,6,1,final_test
30,moving_average,10.691460317460317,13.826510734562445,19.129088874625833,6.197992695547464,9000,6,1,final_test
30,personalized,5.965764713565835,7.67676708312672,10.673906091625089,-0.3029621697675962,9000,6,1,final_test
30,seasonal_naive,10.390555555555556,13.56905384403136,18.59071209892251,6.180072362927915,9000,6,1,final_test
7,general,5.297957691065705,6.859069008749293,12.403521986262772,-0.9632109780977495,2100,6,5,validation
7,moving_average,7.5469387755102035,10.088270281813012,17.668812491439528,-8.102744765769582,2100,6,5,validation
7,personalized,5.29979997925138,6.863939674519574,12.407835131695128,-1.0596649501265143,2100,6,5,validation
7,seasonal_naive,7.824761904761905,10.17171615430796,18.31924903565297,-8.102744765769582,2100,6,5,validation
14,general,5.223120208067524,6.742350868506833,12.198869411431748,-0.5815109270345908,4200,6,5,validation
14,moving_average,7.6292857142857144,10.161510346253003,17.818594331281385,-8.32401892909375,4200,6,5,validation
14,personalized,5.221650786797956,6.745005670655686,12.195437501488312,-0.6909417604378667,4200,6,5,validation
14,seasonal_naive,7.869761904761905,10.213564743120042,18.38023900483237,-8.32401892909375,4200,6,5,validation
30,general,5.215984699443626,6.716695509353042,12.207923912193563,0.24806308134331448,9000,6,5,validation
30,moving_average,7.709650793650792,10.206150162220172,18.044307202149376,-8.1304666997554,9000,6,5,validation
30,personalized,5.212045229708905,6.714854424669871,12.198703649952188,-0.0018576438837546296,9000,6,5,validation
30,seasonal_naive,7.830777777777778,10.211262844961386,18.327802858509997,-8.255403915368133,9000,6,5,validation
7,general,5.500316293298496,7.018346122941982,11.515656619802643,0.2569045756509563,2100,6,5,final_test
7,moving_average,8.444285714285714,11.009522779700067,17.679255064603606,4.401619078002871,2100,6,5,final_test
7,personalized,5.497256478656636,7.015108153599897,11.509250483708463,0.13016066299346898,2100,6,5,final_test
7,seasonal_naive,9.064285714285715,11.679999184605322,18.977308980698677,4.401619078002871,2100,6,5,final_test
14,general,5.4661431432790355,7.032702212537641,11.560750715954935,-0.042977599701924454,4200,6,5,final_test
14,moving_average,8.880408163265306,11.558988021519559,18.781832517078055,5.4656971357209025,4200,6,5,final_test
14,personalized,5.463054320941872,7.0293895653025515,11.55421793697169,-0.16095205929510537,4200,6,5,final_test
14,seasonal_naive,9.316666666666666,12.050153130819146,19.704507916045603,5.465697135720904,4200,6,5,final_test
30,general,5.501600210764801,7.093032968220613,11.726407031164985,0.20295955510395078,9000,6,5,final_test
30,moving_average,9.25090476190476,11.98794982651679,19.71787670655868,6.287484407400001,9000,6,5,final_test
30,personalized,5.497286916447439,7.089985492949722,11.717213443322736,0.05729174314516964,9000,6,5,final_test
30,seasonal_naive,9.380888888888888,12.095251593543274,19.994931876366202,6.182163520403934,9000,6,5,final_test
