store,horizon,period,method,MAE_total_units,WAPE_percent,bias_percent,windows,rows
CA_1,7,calibration,croston_sba,5.634771439024749,54.41285944622357,10.746708839849918,13,689
CA_1,7,calibration,direct_general,4.3307356900861285,41.82027877322134,2.5446146984010944,13,689
CA_1,7,calibration,direct_personalized,4.604366819362098,44.462631233924114,10.35759898820225,13,689
CA_1,7,calibration,mean_28,4.809506542613008,46.44358805690767,1.9236160205976063,13,689
CA_1,7,calibration,mean_7,4.8098694022490776,46.44709205535549,1.6818501845722693,13,689
CA_1,7,calibration,tsb,4.462928864799836,43.096818330022245,3.1832010328319593,13,689
CA_1,7,development_check,croston_sba,5.1072833614700475,46.47277121041816,3.213048009623076,13,689
CA_1,7,development_check,direct_general,4.2022389842843415,38.23748890876798,-1.6102119855439054,13,689
CA_1,7,development_check,direct_personalized,4.2011493959387085,38.227574403087296,2.0343840869052094,13,689
CA_1,7,development_check,mean_28,4.906023215610636,44.64144209661554,-0.16838349111681253,13,689
CA_1,7,development_check,mean_7,4.80986939926452,43.76650840059765,0.5810888341445489,13,689
CA_1,7,development_check,selected_per_product,4.340442581513197,39.49504673352605,-1.06382815302864,13,689
CA_1,7,development_check,tsb,4.531249094383601,41.23125496606314,1.4404370153355428,13,689
CA_1,28,calibration,croston_sba,20.344091707472327,48.759580667592694,11.78426743989302,3,159
CA_1,28,calibration,direct_general,18.705498569955427,44.832292321720125,-1.245592649153442,3,159
CA_1,28,calibration,direct_personalized,18.60756293695959,44.59756567646329,4.494152084961062,3,159
CA_1,28,calibration,mean_28,19.207547547026252,46.03557521822692,-0.39192019145568524,3,159
CA_1,28,calibration,mean_7,22.981132073222465,55.07989146280332,2.0801933515420474,3,159
CA_1,28,calibration,tsb,19.559935607658744,46.8801592043675,1.5395788980864746,3,159
CA_1,28,development_check,croston_sba,15.42504915515507,34.64100022132283,-3.518318283159885,3,159
CA_1,28,development_check,direct_general,13.04552676345942,29.29715756200633,-8.489048490879563,3,159
CA_1,28,development_check,direct_personalized,11.899811523515474,26.724152997725426,-5.160441709692867,3,159
CA_1,28,development_check,mean_28,14.440251407851964,32.42937816170144,-3.5593223738047364,3,159
CA_1,28,development_check,mean_7,16.930817700781912,38.022599073789884,-8.64406751374067,3,159
CA_1,28,development_check,selected_per_product,14.440251407851964,32.42937816170144,-3.5593223738047364,3,159
CA_1,28,development_check,tsb,12.1831736309489,27.360517052554734,-5.070949613877642,3,159
TX_1,7,calibration,croston_sba,3.621257602129141,44.9476938905959,-1.133830531988108,13,689
TX_1,7,calibration,direct_general,3.3691146576639226,41.81805078599248,0.15325544945931913,13,689
TX_1,7,calibration,direct_personalized,3.3414188929345507,41.474286024714566,-1.5079784371298384,13,689
TX_1,7,calibration,mean_28,3.3722786584866324,41.857322927351646,-3.3147179807006637,13,689
TX_1,7,calibration,mean_7,3.9738752032009717,49.32444631607763,-0.2522062063968798,13,689
TX_1,7,calibration,tsb,3.3638479571735735,41.75267956210759,-0.7074590965012425,13,689
TX_1,7,development_check,croston_sba,3.570721841578887,49.511518390981145,1.5626134320274907,13,689
TX_1,7,development_check,direct_general,3.1006618229069454,42.99368074024724,2.743634229578778,13,689
TX_1,7,development_check,direct_personalized,3.154574822496585,43.74123672167734,-0.9227194822012694,13,689
TX_1,7,development_check,mean_28,3.483309137857964,48.299456550294565,3.632521400972976,13,689
TX_1,7,development_check,mean_7,3.7880986890659623,52.52565902126078,1.2879860748417493,13,689
TX_1,7,development_check,selected_per_product,3.2735291456767857,45.39065368024362,2.1715333501780623,13,689
TX_1,7,development_check,tsb,3.326476856039888,46.12482499117494,2.3891606031867263,13,689
TX_1,28,calibration,croston_sba,10.928131200342333,33.87081600106104,-5.28812243925558,3,159
TX_1,28,calibration,direct_general,12.389792715837746,38.401111926280734,-2.5932212587859897,3,159
TX_1,28,calibration,direct_personalized,12.502763893010107,38.75125651049916,-5.885598302962255,3,159
TX_1,28,calibration,mean_28,11.91194952012233,36.920077460028274,-8.0701755155713,3,159
TX_1,28,calibration,mean_7,14.238993665332314,44.13255346564986,-2.456139552662944,3,159
TX_1,28,calibration,tsb,10.993191350055957,34.07246441830209,-5.723777554058656,3,159
TX_1,28,development_check,croston_sba,8.727134590278286,29.89903899707493,0.17075102251580745,3,159
TX_1,28,development_check,direct_general,9.12948873437613,31.277498572846472,2.5407115629625534,3,159
TX_1,28,development_check,direct_personalized,9.646040705952254,33.047198281542954,-4.8590068749327315,3,159
TX_1,28,development_check,mean_28,10.572326958929217,36.22064181145757,4.589528088116538,3,159
TX_1,28,development_check,mean_7,12.748427865640172,43.67593257135935,-3.2105139657562853,3,159
TX_1,28,development_check,selected_per_product,8.727134590278286,29.89903899707493,0.17075102251580745,3,159
TX_1,28,development_check,tsb,9.587718378103007,32.84738681573752,2.086422858925781,3,159
WI_1,7,calibration,croston_sba,4.185623077240554,55.004659550233484,10.567879052204756,13,689
WI_1,7,calibration,direct_general,3.1193571657791237,40.992505955022246,3.222880268516703,13,689
WI_1,7,calibration,direct_personalized,3.119288588488807,40.99160475813061,2.7107164615791146,13,689
WI_1,7,calibration,mean_28,3.378084208199914,44.39252373545185,-2.126644886483019,13,689
WI_1,7,calibration,mean_7,3.486211904485444,45.813465614924105,-0.22887622760994253,13,689
WI_1,7,calibration,tsb,3.1715196694719423,41.67799069742835,1.7887125257532046,13,689
WI_1,7,development_check,croston_sba,3.9109739624024837,43.865555267708146,2.619734294504792,13,689
WI_1,7,development_check,direct_general,3.139849443437399,35.21660860375009,0.4663913331085359,13,689
WI_1,7,development_check,direct_personalized,3.173195724574246,35.590621100954834,-0.6864022601219375,13,689
WI_1,7,development_check,mean_28,3.6955732680716604,41.44961715287928,1.2249716586822526,13,689
WI_1,7,development_check,mean_7,3.8476052511542904,43.15481064700157,1.0906726978179513,13,689
WI_1,7,development_check,selected_per_product,3.235180945831106,36.285848472694646,0.7619004241246984,13,689
WI_1,7,development_check,tsb,3.4412076390144937,38.59664761974583,2.301080249897751,13,689
WI_1,28,calibration,croston_sba,12.165035981865886,40.45682328208901,13.499635358679889,3,159
WI_1,28,calibration,direct_general,10.974925960197389,36.49891712343411,0.6397815073316901,3,159
WI_1,28,calibration,direct_personalized,11.125367370885122,36.999234720157595,-1.526085212063126,3,159
WI_1,28,calibration,mean_28,11.018867838870054,36.645053051251594,-2.719096575439587,3,159
WI_1,28,calibration,mean_7,13.679245150314188,45.49257433382045,-4.03681206319203,3,159
WI_1,28,calibration,tsb,10.820147973876574,35.984177532867086,0.5977889595383616,3,159
WI_1,28,development_check,croston_sba,11.467123014769134,31.753266446330414,-4.099016923642055,3,159
WI_1,28,development_check,direct_general,8.728644665354079,24.170228174700426,-5.193500378947979,3,159
WI_1,28,development_check,direct_personalized,8.604189136493131,23.825602102096965,-9.688143905749182,3,159
WI_1,28,development_check,mean_28,11.031446434979168,30.54684749497889,-2.0202019563621447,3,159
WI_1,28,development_check,mean_7,12.905660489820084,35.73667742740149,-6.234760499922335,3,159
WI_1,28,development_check,selected_per_product,11.031446434979168,30.54684749497889,-2.0202019563621447,3,159
WI_1,28,development_check,tsb,9.747132707565646,26.990492868389723,-3.207994793272815,3,159
