store,horizon,method,pattern,MAE_total_units,WAPE_percent,bias_percent,windows,rows
CA_1,7,croston_sba,dormant,1.8292583217295837,,,13,13
CA_1,7,croston_sba,occasional,3.888918600744138,45.29856312026161,0.6957885172426028,13,429
CA_1,7,croston_sba,rare,1.4658815736065218,64.28685455334626,1.7627467650743194,13,182
CA_1,7,croston_sba,regular,24.000020796227016,44.90504754619333,5.370476308033136,13,65
CA_1,7,direct_general,dormant,0.19451476662204817,,,13,13
CA_1,7,direct_general,occasional,3.512663337955629,40.915899320743,1.2600075524829342,13,429
CA_1,7,direct_general,rare,1.5015006019314239,65.84894206060703,12.530359529766692,13,182
CA_1,7,direct_general,regular,17.11705056417447,32.026720974995406,-6.415112657396356,13,65
CA_1,7,direct_personalized,dormant,0.25505613105801433,,,13,13
CA_1,7,direct_personalized,occasional,3.5258073047593688,41.0690017307024,2.2540709330514983,13,429
CA_1,7,direct_personalized,rare,1.5230981524890432,66.79611174771226,14.776325796293207,13,182
CA_1,7,direct_personalized,regular,16.946169332357552,31.70699500872887,0.18389893027647652,13,65
CA_1,7,mean_28,dormant,0.0,,,13,13
CA_1,7,mean_28,occasional,3.6544289048370366,42.56720065639665,0.7941894980712394,13,429
CA_1,7,mean_28,rare,1.4560439588276894,63.855421808828794,3.3734942864940827,13,182
CA_1,7,mean_28,regular,23.807692228830778,44.5451927137018,-1.6119746243603694,13,65
CA_1,7,mean_7,dormant,0.0,,,13,13
CA_1,7,mean_7,occasional,4.177156200428387,48.65598723822367,1.0317682313621286,13,429
CA_1,7,mean_7,rare,1.7197802467988088,75.42168793189957,1.6867491207927106,13,182
CA_1,7,mean_7,regular,18.60000001833989,34.80138172688811,-0.028784867326761707,13,65
CA_1,7,selected_per_product,dormant,0.19451476662204817,,,13,13
CA_1,7,selected_per_product,occasional,3.6617851419902774,42.65288693765488,2.50526835163222,13,429
CA_1,7,selected_per_product,rare,1.64213638807638,72.01658376624124,9.033757378681782,13,182
CA_1,7,selected_per_product,regular,17.204024586965787,32.1894530268502,-6.126680662796753,13,65
CA_1,7,tsb,dormant,2.236253540734922e-27,,,13,13
CA_1,7,tsb,occasional,3.5882915776938487,41.796825599529214,3.0095474962963396,13,429
CA_1,7,tsb,rare,1.4767917135718818,64.76532334218855,6.5413842851787,13,182
CA_1,7,tsb,regular,20.213499189685507,37.820306486170345,-0.8324262599562053,13,65
CA_1,28,croston_sba,dormant,7.317033286918336,,,3,3
CA_1,28,croston_sba,occasional,12.614574073704004,36.072872134508856,-2.884873094820861,3,99
CA_1,28,croston_sba,rare,3.805115639578195,40.76909613833781,-2.306260557533792,3,42
CA_1,28,croston_sba,regular,68.13160170999471,31.679294037505286,-5.0258272281538785,3,15
CA_1,28,direct_general,dormant,0.9479308873414993,,,3,3
CA_1,28,direct_general,occasional,12.132987483131766,34.69571810600938,-2.6331685027209812,3,99
CA_1,28,direct_general,rare,4.258832374853747,45.630346873433005,8.59804527872071,3,42
CA_1,28,direct_general,regular,46.090549476941426,21.430819657598306,-16.9377702958674,3,15
CA_1,28,direct_personalized,dormant,0.7398577978213629,,,3,3
CA_1,28,direct_personalized,occasional,12.069193970374387,34.51329298287303,-1.660524722746105,3,99
CA_1,28,direct_personalized,rare,4.376846477034546,46.894783682512994,13.144703654154222,3,42
CA_1,28,direct_personalized,regular,34.07818024953206,15.845403091846899,-11.209507714275684,3,15
CA_1,28,mean_28,dormant,0.0,,,3,3
CA_1,28,mean_28,occasional,12.858585814935992,36.77065267702667,-1.2998267155999328,3,99
CA_1,28,mean_28,rare,4.142857077221076,44.38775439879724,-5.587935447692871e-07,3,42
CA_1,28,mean_28,regular,56.599998728434244,26.317420363500112,-6.416615653466676,3,15
CA_1,28,mean_7,dormant,0.0,,,3,3
CA_1,28,mean_7,occasional,14.343434289248302,41.016753166827904,-2.830733518115638,3,99
CA_1,28,mean_7,rare,5.952381037530445,63.775511116397624,-11.224488062517983,3,42
CA_1,28,mean_7,regular,68.13333441416422,31.680099696604568,-14.569125615951812,3,15
CA_1,28,selected_per_product,dormant,0.0,,,3,3
CA_1,28,selected_per_product,occasional,12.858585814935992,36.77065267702667,-1.2998267155999328,3,99
CA_1,28,selected_per_product,rare,4.142857077221076,44.38775439879724,-5.587935447692871e-07,3,42
CA_1,28,selected_per_product,regular,56.599998728434244,26.317420363500112,-6.416615653466676,3,15
CA_1,28,tsb,dormant,2.1337282990535447e-26,,,3,3
CA_1,28,tsb,occasional,12.23328225772289,34.98252292069804,-0.6725830742056913,3,99
CA_1,28,tsb,rare,4.358491642698766,46.69812474320106,0.3886332421113427,3,42
CA_1,28,tsb,regular,36.19820098753074,16.831153589986393,-10.45449004781812,3,15
TX_1,7,croston_sba,occasional,4.441120156215896,58.669608923017236,2.557582627261429,13,416
TX_1,7,croston_sba,rare,1.1757449233119377,74.55943416124484,-3.20592058777742,13,234
TX_1,7,croston_sba,regular,8.656334661719146,23.266509428466346,0.615977358641102,13,39
TX_1,7,direct_general,occasional,3.6762080104224597,48.564704107200484,2.5411050921088933,13,416
TX_1,7,direct_general,rare,1.145414134988991,72.63601831637504,8.405514384006581,13,234
TX_1,7,direct_general,regular,8.69298861691585,23.365027984818617,1.743310643713036,13,39
TX_1,7,direct_personalized,occasional,3.7108872789764202,49.02283607666532,-0.7734162247334256,13,416
TX_1,7,direct_personalized,rare,1.1437591089604375,72.53106544627164,8.748676202343248,13,234
TX_1,7,direct_personalized,regular,9.285469567928558,24.957499183267664,-3.7062487484749886,13,39
TX_1,7,mean_28,occasional,4.338341326372197,57.31184476884197,3.072403636446034,13,416
TX_1,7,mean_28,rare,1.077991453676015,68.36043364774729,-5.894308283844292,13,234
TX_1,7,mean_28,regular,8.794871898797842,23.638870024336033,7.270847379052171,13,39
TX_1,7,mean_7,occasional,4.427884595791022,58.49475998250444,1.2067327261084637,13,416
TX_1,7,mean_7,rare,1.2991453196503158,82.38482514855662,-1.6260135868377479,13,234
TX_1,7,mean_7,regular,11.897435900492546,31.97794625218534,2.2053759234433006,13,39
TX_1,7,selected_per_product,occasional,3.968331911026173,52.423819466080914,1.9613582401523713,13,416
TX_1,7,selected_per_product,rare,1.1057426141446338,70.12026333600117,-2.2768551235662673,13,234
TX_1,7,selected_per_product,regular,8.869018837809563,23.838162279433007,3.758919131213595,13,39
TX_1,7,tsb,occasional,4.050396025065083,53.50793097577244,1.098993964458062,13,416
TX_1,7,tsb,rare,1.1170496912910537,70.83729749650584,-0.27130654839005874,13,234
TX_1,7,tsb,regular,8.861235374930818,23.817241876106266,5.865692046528145,13,39
TX_1,28,croston_sba,occasional,10.546150836670826,34.45985297210345,0.6730643999010073,3,96
TX_1,28,croston_sba,rare,2.500444186864447,40.66987532851811,-6.765503353998345,3,54
TX_1,28,croston_sba,regular,26.684437049240884,17.517135918538873,0.7739893523808549,3,9
TX_1,28,direct_general,occasional,11.13523620304962,36.38470644971966,2.051578439807632,3,96
TX_1,28,direct_general,rare,3.109525714897447,50.57662307363318,18.160380160503358,3,54
TX_1,28,direct_general,regular,23.85462718539768,15.659492681880314,-0.19353851621643112,3,9
TX_1,28,direct_personalized,occasional,11.227773260558024,36.68707396234072,-2.701379379816734,3,96
TX_1,28,direct_personalized,rare,3.09414257288531,50.326415342110465,17.294893025544035,3,54
TX_1,28,direct_personalized,regular,32.085615588559044,21.06276734478712,-14.847485611336149,3,9
TX_1,28,mean_28,occasional,13.23958322002242,43.260721209058964,2.212389359229109,3,96
TX_1,28,mean_28,rare,2.5370370938822076,41.26506116555398,-3.313252679913877,3,54
TX_1,28,mean_28,regular,30.333332697550457,19.912472230339468,11.597374040310092,3,9
TX_1,28,mean_7,occasional,15.812500215445956,51.667801929299245,-1.293395495155054,3,96
TX_1,28,mean_7,rare,4.148148191195947,67.46988021824734,-2.409635448312185,3,54
TX_1,28,mean_7,regular,31.66666751437717,20.787746727162258,-7.512764683785359,3,9
TX_1,28,selected_per_product,occasional,10.546150836670826,34.45985297210345,0.6730643999010073,3,96
TX_1,28,selected_per_product,rare,2.500444186864447,40.66987532851811,-6.765503353998345,3,54
TX_1,28,selected_per_product,regular,26.684437049240884,17.517135918538873,0.7739893523808549,3,9
TX_1,28,tsb,occasional,11.942552908381566,39.022637141069794,0.4097169766226754,3,96
TX_1,28,tsb,rare,2.734220656397761,44.47226368839732,0.027500876967533647,3,54
TX_1,28,tsb,regular,25.590469718696525,16.79899543896927,6.178125251498111,3,9
WI_1,7,croston_sba,occasional,3.4674020258891414,40.36676985363478,-2.692872960014771,13,429
WI_1,7,croston_sba,rare,0.9048178541114473,71.28867941484131,-1.365934179360443,13,208
WI_1,7,croston_sba,regular,19.5950668718017,46.44227335158106,12.02227495540042,13,52
WI_1,7,direct_general,occasional,3.1292181586095573,36.42970393605156,-2.1306170313397934,13,429
WI_1,7,direct_general,rare,0.9626700642178408,75.84673233231473,19.96915929344003,13,208
WI_1,7,direct_general,regular,11.936275060145327,28.290168784300686,2.481544059391389,13,52
WI_1,7,direct_personalized,occasional,3.116410669017505,36.28060181841274,-3.3242305531956284,13,429
WI_1,7,direct_personalized,rare,0.9721650362659532,76.59482103913571,19.403530229729686,13,208
WI_1,7,direct_personalized,regular,12.445795186150532,29.497782574285676,1.3266583974239712,13,52
WI_1,7,mean_28,occasional,3.2412587165537277,37.734056700177725,-1.004070449655868,13,429
WI_1,7,mean_28,rare,0.9531250082565328,75.09469762021168,4.26136505733611,13,208
WI_1,7,mean_28,regular,18.413461357355118,43.64174979865388,4.603464052475031,13,52
WI_1,7,mean_7,occasional,3.9160839401550227,45.59023094508832,0.16282248974169936,13,429
WI_1,7,mean_7,rare,1.110576949870357,87.50000211099784,4.166669940406626,13,208
WI_1,7,mean_7,regular,14.230769272033985,33.72835014338045,2.2789428640520346,13,52
WI_1,7,selected_per_product,occasional,3.2287803521891516,37.58878618966475,-0.1784169030298047,13,429
WI_1,7,selected_per_product,rare,0.9229966105313239,72.72094507216491,10.044129587138638,13,208
WI_1,7,selected_per_product,regular,12.536723184576365,29.713291048221105,1.224325607136851,13,52
WI_1,7,tsb,occasional,3.2524438941869005,37.86427220098183,0.7573805240772362,13,429
WI_1,7,tsb,rare,0.9391256596175477,73.99171863653406,4.936786898568663,13,208
WI_1,7,tsb,regular,15.006836451429924,35.56770717750028,4.5766987250114575,13,52
WI_1,28,croston_sba,occasional,9.511968478563196,27.43837061123999,-8.16234115025324,3,99
WI_1,28,croston_sba,rare,1.5691034729762066,29.42069011830387,-6.779629380828031,3,48
WI_1,28,croston_sba,regular,67.18922610563983,39.2536861376669,3.0244327038015633,3,12
WI_1,28,direct_general,occasional,7.414822276644032,21.388910413396246,-6.398128394671392,3,99
WI_1,28,direct_general,rare,2.017377148537586,37.82582153507974,23.06631398096215,3,48
WI_1,28,direct_general,regular,46.41274943947792,27.11553034438827,-6.702862173580034,3,12
WI_1,28,direct_personalized,occasional,7.751212122464421,22.359265737878136,-9.325599218859818,3,99
WI_1,28,direct_personalized,rare,1.9712921207149823,36.96172726340592,17.73091650684364,3,48
WI_1,28,direct_personalized,regular,42.17283756534258,24.638464010910955,-13.711285498265282,3,12
WI_1,28,mean_28,occasional,8.515151398199977,24.562936725576858,-4.224941461392633,3,99
WI_1,28,mean_28,rare,1.7291666564221184,32.42187480791472,-1.17187449359335,3,48
WI_1,28,mean_28,regular,68.9999996026357,40.31158691487967,1.5579354101402036,3,12
WI_1,28,mean_7,occasional,11.7373736868001,33.85780871192336,-7.925407261976273,3,99
WI_1,28,mean_7,rare,3.791666785875956,71.09375223517418,9.375003259629011,3,48
WI_1,28,mean_7,regular,59.000001430511475,34.469328975956074,-5.355403068119038,3,12
WI_1,28,selected_per_product,occasional,8.515151398199977,24.562936725576858,-4.224941461392633,3,99
WI_1,28,selected_per_product,rare,1.7291666564221184,32.42187480791472,-1.17187449359335,3,48
WI_1,28,selected_per_product,regular,68.9999996026357,40.31158691487967,1.5579354101402036,3,12
WI_1,28,tsb,occasional,8.527960212899787,24.599885229518616,-5.695851493375259,3,99
WI_1,28,tsb,rare,2.2129477429188134,41.49277017972775,4.829276040946428,3,48
WI_1,28,tsb,regular,49.94204564714631,29.17743660008548,-0.052793789771617486,3,12
