item,item_id,pattern,selected_method,store_default,selection_windows,selection_reason,store,horizon
1,FOODS_1_129,occasional,direct_general,direct_general,13,store_fallback,CA_1,7
2,FOODS_1_137,occasional,direct_general,direct_general,13,store_fallback,CA_1,7
3,FOODS_1_187,occasional,tsb,direct_general,13,per_product_gain,CA_1,7
4,FOODS_3_002,regular,croston_sba,direct_general,13,per_product_gain,CA_1,7
5,FOODS_3_010,occasional,direct_general,direct_general,13,store_fallback,CA_1,7
6,FOODS_3_034,occasional,direct_general,direct_general,13,store_fallback,CA_1,7
7,FOODS_3_123,occasional,direct_general,direct_general,13,store_fallback,CA_1,7
8,FOODS_3_317,occasional,direct_general,direct_general,13,store_fallback,CA_1,7
9,FOODS_3_381,rare,mean_7,direct_general,13,per_product_gain,CA_1,7
10,FOODS_3_415,rare,mean_7,direct_general,13,per_product_gain,CA_1,7
11,FOODS_3_440,occasional,croston_sba,direct_general,13,per_product_gain,CA_1,7
12,FOODS_3_477,regular,direct_general,direct_general,13,store_fallback,CA_1,7
13,FOODS_3_486,occasional,croston_sba,direct_general,13,per_product_gain,CA_1,7
14,FOODS_3_514,occasional,mean_7,direct_general,13,per_product_gain,CA_1,7
15,FOODS_3_593,occasional,direct_general,direct_general,13,store_fallback,CA_1,7
16,FOODS_3_609,occasional,direct_general,direct_general,13,store_fallback,CA_1,7
17,FOODS_3_785,regular,direct_general,direct_general,13,store_fallback,CA_1,7
18,HOBBIES_1_025,occasional,croston_sba,direct_general,13,per_product_gain,CA_1,7
19,HOBBIES_1_038,occasional,tsb,direct_general,13,per_product_gain,CA_1,7
20,HOBBIES_1_090,occasional,direct_general,direct_general,13,store_fallback,CA_1,7
21,HOBBIES_1_093,occasional,direct_general,direct_general,13,store_fallback,CA_1,7
22,HOBBIES_1_113,rare,direct_general,direct_general,13,store_fallback,CA_1,7
23,HOBBIES_1_201,occasional,mean_7,direct_general,13,per_product_gain,CA_1,7
24,HOBBIES_1_210,dormant,direct_general,direct_general,13,store_fallback,CA_1,7
25,HOBBIES_1_254,regular,direct_general,direct_general,13,store_fallback,CA_1,7
26,HOBBIES_1_316,occasional,mean_28,direct_general,13,per_product_gain,CA_1,7
27,HOBBIES_1_353,occasional,croston_sba,direct_general,13,per_product_gain,CA_1,7
28,HOBBIES_1_385,rare,croston_sba,direct_general,13,per_product_gain,CA_1,7
29,HOBBIES_1_393,occasional,tsb,direct_general,13,per_product_gain,CA_1,7
30,HOBBIES_1_424,occasional,mean_28,direct_general,13,per_product_gain,CA_1,7
31,HOBBIES_2_005,rare,direct_general,direct_general,13,store_fallback,CA_1,7
32,HOBBIES_2_008,rare,croston_sba,direct_general,13,per_product_gain,CA_1,7
33,HOBBIES_2_017,occasional,mean_7,direct_general,13,per_product_gain,CA_1,7
34,HOBBIES_2_079,rare,direct_general,direct_general,13,store_fallback,CA_1,7
35,HOBBIES_2_120,occasional,croston_sba,direct_general,13,per_product_gain,CA_1,7
36,HOUSEHOLD_1_104,rare,direct_general,direct_general,13,store_fallback,CA_1,7
37,HOUSEHOLD_1_170,occasional,direct_general,direct_general,13,store_fallback,CA_1,7
38,HOUSEHOLD_1_256,occasional,direct_general,direct_general,13,store_fallback,CA_1,7
39,HOUSEHOLD_1_330,occasional,mean_7,direct_general,13,per_product_gain,CA_1,7
40,HOUSEHOLD_1_414,regular,direct_general,direct_general,13,store_fallback,CA_1,7
41,HOUSEHOLD_1_460,occasional,mean_7,direct_general,13,per_product_gain,CA_1,7
42,HOUSEHOLD_1_462,occasional,direct_general,direct_general,13,store_fallback,CA_1,7
43,HOUSEHOLD_2_049,occasional,direct_general,direct_general,13,store_fallback,CA_1,7
44,HOUSEHOLD_2_120,rare,croston_sba,direct_general,13,per_product_gain,CA_1,7
45,HOUSEHOLD_2_158,rare,croston_sba,direct_general,13,per_product_gain,CA_1,7
46,HOUSEHOLD_2_184,occasional,tsb,direct_general,13,per_product_gain,CA_1,7
47,HOUSEHOLD_2_194,occasional,direct_general,direct_general,13,store_fallback,CA_1,7
48,HOUSEHOLD_2_267,occasional,direct_general,direct_general,13,store_fallback,CA_1,7
49,HOUSEHOLD_2_307,rare,croston_sba,direct_general,13,per_product_gain,CA_1,7
50,HOUSEHOLD_2_334,rare,mean_28,direct_general,13,per_product_gain,CA_1,7
51,HOUSEHOLD_2_347,occasional,croston_sba,direct_general,13,per_product_gain,CA_1,7
52,HOUSEHOLD_2_407,rare,mean_28,direct_general,13,per_product_gain,CA_1,7
53,HOUSEHOLD_2_438,rare,tsb,direct_general,13,per_product_gain,CA_1,7
1,FOODS_1_129,occasional,mean_28,mean_28,3,store_fallback,CA_1,28
2,FOODS_1_137,occasional,mean_28,mean_28,3,store_fallback,CA_1,28
3,FOODS_1_187,occasional,mean_28,mean_28,3,store_fallback,CA_1,28
4,FOODS_3_002,regular,mean_28,mean_28,3,store_fallback,CA_1,28
5,FOODS_3_010,occasional,mean_28,mean_28,3,store_fallback,CA_1,28
6,FOODS_3_034,occasional,mean_28,mean_28,3,store_fallback,CA_1,28
7,FOODS_3_123,occasional,mean_28,mean_28,3,store_fallback,CA_1,28
8,FOODS_3_317,occasional,mean_28,mean_28,3,store_fallback,CA_1,28
9,FOODS_3_381,rare,mean_28,mean_28,3,store_fallback,CA_1,28
10,FOODS_3_415,rare,mean_28,mean_28,3,store_fallback,CA_1,28
11,FOODS_3_440,occasional,mean_28,mean_28,3,store_fallback,CA_1,28
12,FOODS_3_477,regular,mean_28,mean_28,3,store_fallback,CA_1,28
13,FOODS_3_486,occasional,mean_28,mean_28,3,store_fallback,CA_1,28
14,FOODS_3_514,occasional,mean_28,mean_28,3,store_fallback,CA_1,28
15,FOODS_3_593,occasional,mean_28,mean_28,3,store_fallback,CA_1,28
16,FOODS_3_609,occasional,mean_28,mean_28,3,store_fallback,CA_1,28
17,FOODS_3_785,regular,mean_28,mean_28,3,store_fallback,CA_1,28
18,HOBBIES_1_025,occasional,mean_28,mean_28,3,store_fallback,CA_1,28
19,HOBBIES_1_038,occasional,mean_28,mean_28,3,store_fallback,CA_1,28
20,HOBBIES_1_090,occasional,mean_28,mean_28,3,store_fallback,CA_1,28
21,HOBBIES_1_093,occasional,mean_28,mean_28,3,store_fallback,CA_1,28
22,HOBBIES_1_113,rare,mean_28,mean_28,3,store_fallback,CA_1,28
23,HOBBIES_1_201,occasional,mean_28,mean_28,3,store_fallback,CA_1,28
24,HOBBIES_1_210,dormant,mean_28,mean_28,3,store_fallback,CA_1,28
25,HOBBIES_1_254,regular,mean_28,mean_28,3,store_fallback,CA_1,28
26,HOBBIES_1_316,occasional,mean_28,mean_28,3,store_fallback,CA_1,28
27,HOBBIES_1_353,occasional,mean_28,mean_28,3,store_fallback,CA_1,28
28,HOBBIES_1_385,rare,mean_28,mean_28,3,store_fallback,CA_1,28
29,HOBBIES_1_393,occasional,mean_28,mean_28,3,store_fallback,CA_1,28
30,HOBBIES_1_424,occasional,mean_28,mean_28,3,store_fallback,CA_1,28
31,HOBBIES_2_005,rare,mean_28,mean_28,3,store_fallback,CA_1,28
32,HOBBIES_2_008,rare,mean_28,mean_28,3,store_fallback,CA_1,28
33,HOBBIES_2_017,occasional,mean_28,mean_28,3,store_fallback,CA_1,28
34,HOBBIES_2_079,rare,mean_28,mean_28,3,store_fallback,CA_1,28
35,HOBBIES_2_120,occasional,mean_28,mean_28,3,store_fallback,CA_1,28
36,HOUSEHOLD_1_104,rare,mean_28,mean_28,3,store_fallback,CA_1,28
37,HOUSEHOLD_1_170,occasional,mean_28,mean_28,3,store_fallback,CA_1,28
38,HOUSEHOLD_1_256,occasional,mean_28,mean_28,3,store_fallback,CA_1,28
39,HOUSEHOLD_1_330,occasional,mean_28,mean_28,3,store_fallback,CA_1,28
40,HOUSEHOLD_1_414,regular,mean_28,mean_28,3,store_fallback,CA_1,28
41,HOUSEHOLD_1_460,occasional,mean_28,mean_28,3,store_fallback,CA_1,28
42,HOUSEHOLD_1_462,occasional,mean_28,mean_28,3,store_fallback,CA_1,28
43,HOUSEHOLD_2_049,occasional,mean_28,mean_28,3,store_fallback,CA_1,28
44,HOUSEHOLD_2_120,rare,mean_28,mean_28,3,store_fallback,CA_1,28
45,HOUSEHOLD_2_158,rare,mean_28,mean_28,3,store_fallback,CA_1,28
46,HOUSEHOLD_2_184,occasional,mean_28,mean_28,3,store_fallback,CA_1,28
47,HOUSEHOLD_2_194,occasional,mean_28,mean_28,3,store_fallback,CA_1,28
48,HOUSEHOLD_2_267,occasional,mean_28,mean_28,3,store_fallback,CA_1,28
49,HOUSEHOLD_2_307,rare,mean_28,mean_28,3,store_fallback,CA_1,28
50,HOUSEHOLD_2_334,rare,mean_28,mean_28,3,store_fallback,CA_1,28
51,HOUSEHOLD_2_347,occasional,mean_28,mean_28,3,store_fallback,CA_1,28
52,HOUSEHOLD_2_407,rare,mean_28,mean_28,3,store_fallback,CA_1,28
53,HOUSEHOLD_2_438,rare,mean_28,mean_28,3,store_fallback,CA_1,28
1,FOODS_1_129,regular,direct_personalized,mean_28,13,per_product_gain,TX_1,7
2,FOODS_1_137,occasional,mean_28,mean_28,13,store_fallback,TX_1,7
3,FOODS_1_187,occasional,tsb,mean_28,13,per_product_gain,TX_1,7
4,FOODS_3_002,occasional,mean_28,mean_28,13,store_fallback,TX_1,7
5,FOODS_3_010,occasional,croston_sba,mean_28,13,per_product_gain,TX_1,7
6,FOODS_3_034,occasional,croston_sba,mean_28,13,per_product_gain,TX_1,7
7,FOODS_3_123,rare,mean_28,mean_28,13,store_fallback,TX_1,7
8,FOODS_3_317,occasional,mean_28,mean_28,13,store_fallback,TX_1,7
9,FOODS_3_381,rare,mean_28,mean_28,13,store_fallback,TX_1,7
10,FOODS_3_415,rare,tsb,mean_28,13,per_product_gain,TX_1,7
11,FOODS_3_440,occasional,mean_28,mean_28,13,store_fallback,TX_1,7
12,FOODS_3_477,regular,direct_general,mean_28,13,per_product_gain,TX_1,7
13,FOODS_3_486,occasional,direct_personalized,mean_28,13,per_product_gain,TX_1,7
14,FOODS_3_514,occasional,mean_7,mean_28,13,per_product_gain,TX_1,7
15,FOODS_3_593,occasional,croston_sba,mean_28,13,per_product_gain,TX_1,7
16,FOODS_3_609,occasional,mean_28,mean_28,13,store_fallback,TX_1,7
17,FOODS_3_785,occasional,mean_7,mean_28,13,per_product_gain,TX_1,7
18,HOBBIES_1_025,rare,croston_sba,mean_28,13,per_product_gain,TX_1,7
19,HOBBIES_1_038,rare,croston_sba,mean_28,13,per_product_gain,TX_1,7
20,HOBBIES_1_090,occasional,tsb,mean_28,13,per_product_gain,TX_1,7
21,HOBBIES_1_093,rare,croston_sba,mean_28,13,per_product_gain,TX_1,7
22,HOBBIES_1_113,occasional,mean_7,mean_28,13,per_product_gain,TX_1,7
23,HOBBIES_1_201,occasional,mean_28,mean_28,13,store_fallback,TX_1,7
24,HOBBIES_1_210,occasional,mean_28,mean_28,13,store_fallback,TX_1,7
25,HOBBIES_1_254,occasional,mean_28,mean_28,13,store_fallback,TX_1,7
26,HOBBIES_1_316,occasional,mean_7,mean_28,13,per_product_gain,TX_1,7
27,HOBBIES_1_353,occasional,mean_28,mean_28,13,store_fallback,TX_1,7
28,HOBBIES_1_385,rare,croston_sba,mean_28,13,per_product_gain,TX_1,7
29,HOBBIES_1_393,rare,croston_sba,mean_28,13,per_product_gain,TX_1,7
30,HOBBIES_1_424,occasional,mean_28,mean_28,13,store_fallback,TX_1,7
31,HOBBIES_2_005,rare,croston_sba,mean_28,13,per_product_gain,TX_1,7
32,HOBBIES_2_008,rare,croston_sba,mean_28,13,per_product_gain,TX_1,7
33,HOBBIES_2_017,rare,mean_28,mean_28,13,store_fallback,TX_1,7
34,HOBBIES_2_079,rare,croston_sba,mean_28,13,per_product_gain,TX_1,7
35,HOBBIES_2_120,occasional,tsb,mean_28,13,per_product_gain,TX_1,7
36,HOUSEHOLD_1_104,rare,mean_7,mean_28,13,per_product_gain,TX_1,7
37,HOUSEHOLD_1_170,occasional,tsb,mean_28,13,per_product_gain,TX_1,7
38,HOUSEHOLD_1_256,occasional,mean_28,mean_28,13,store_fallback,TX_1,7
39,HOUSEHOLD_1_330,occasional,mean_28,mean_28,13,store_fallback,TX_1,7
40,HOUSEHOLD_1_414,regular,mean_28,mean_28,13,store_fallback,TX_1,7
41,HOUSEHOLD_1_460,occasional,mean_7,mean_28,13,per_product_gain,TX_1,7
42,HOUSEHOLD_1_462,occasional,direct_general,mean_28,13,per_product_gain,TX_1,7
43,HOUSEHOLD_2_049,occasional,croston_sba,mean_28,13,per_product_gain,TX_1,7
44,HOUSEHOLD_2_120,rare,croston_sba,mean_28,13,per_product_gain,TX_1,7
45,HOUSEHOLD_2_158,rare,croston_sba,mean_28,13,per_product_gain,TX_1,7
46,HOUSEHOLD_2_184,occasional,croston_sba,mean_28,13,per_product_gain,TX_1,7
47,HOUSEHOLD_2_194,occasional,mean_28,mean_28,13,store_fallback,TX_1,7
48,HOUSEHOLD_2_267,rare,croston_sba,mean_28,13,per_product_gain,TX_1,7
49,HOUSEHOLD_2_307,rare,mean_28,mean_28,13,store_fallback,TX_1,7
50,HOUSEHOLD_2_334,occasional,croston_sba,mean_28,13,per_product_gain,TX_1,7
51,HOUSEHOLD_2_347,occasional,mean_28,mean_28,13,store_fallback,TX_1,7
52,HOUSEHOLD_2_407,rare,mean_28,mean_28,13,store_fallback,TX_1,7
53,HOUSEHOLD_2_438,occasional,mean_28,mean_28,13,store_fallback,TX_1,7
1,FOODS_1_129,regular,croston_sba,croston_sba,3,store_fallback,TX_1,28
2,FOODS_1_137,occasional,croston_sba,croston_sba,3,store_fallback,TX_1,28
3,FOODS_1_187,occasional,croston_sba,croston_sba,3,store_fallback,TX_1,28
4,FOODS_3_002,occasional,croston_sba,croston_sba,3,store_fallback,TX_1,28
5,FOODS_3_010,occasional,croston_sba,croston_sba,3,store_fallback,TX_1,28
6,FOODS_3_034,occasional,croston_sba,croston_sba,3,store_fallback,TX_1,28
7,FOODS_3_123,rare,croston_sba,croston_sba,3,store_fallback,TX_1,28
8,FOODS_3_317,occasional,croston_sba,croston_sba,3,store_fallback,TX_1,28
9,FOODS_3_381,rare,croston_sba,croston_sba,3,store_fallback,TX_1,28
10,FOODS_3_415,rare,croston_sba,croston_sba,3,store_fallback,TX_1,28
11,FOODS_3_440,occasional,croston_sba,croston_sba,3,store_fallback,TX_1,28
12,FOODS_3_477,regular,croston_sba,croston_sba,3,store_fallback,TX_1,28
13,FOODS_3_486,occasional,croston_sba,croston_sba,3,store_fallback,TX_1,28
14,FOODS_3_514,occasional,croston_sba,croston_sba,3,store_fallback,TX_1,28
15,FOODS_3_593,occasional,croston_sba,croston_sba,3,store_fallback,TX_1,28
16,FOODS_3_609,occasional,croston_sba,croston_sba,3,store_fallback,TX_1,28
17,FOODS_3_785,occasional,croston_sba,croston_sba,3,store_fallback,TX_1,28
18,HOBBIES_1_025,rare,croston_sba,croston_sba,3,store_fallback,TX_1,28
19,HOBBIES_1_038,rare,croston_sba,croston_sba,3,store_fallback,TX_1,28
20,HOBBIES_1_090,occasional,croston_sba,croston_sba,3,store_fallback,TX_1,28
21,HOBBIES_1_093,rare,croston_sba,croston_sba,3,store_fallback,TX_1,28
22,HOBBIES_1_113,occasional,croston_sba,croston_sba,3,store_fallback,TX_1,28
23,HOBBIES_1_201,occasional,croston_sba,croston_sba,3,store_fallback,TX_1,28
24,HOBBIES_1_210,occasional,croston_sba,croston_sba,3,store_fallback,TX_1,28
25,HOBBIES_1_254,occasional,croston_sba,croston_sba,3,store_fallback,TX_1,28
26,HOBBIES_1_316,occasional,croston_sba,croston_sba,3,store_fallback,TX_1,28
27,HOBBIES_1_353,occasional,croston_sba,croston_sba,3,store_fallback,TX_1,28
28,HOBBIES_1_385,rare,croston_sba,croston_sba,3,store_fallback,TX_1,28
29,HOBBIES_1_393,rare,croston_sba,croston_sba,3,store_fallback,TX_1,28
30,HOBBIES_1_424,occasional,croston_sba,croston_sba,3,store_fallback,TX_1,28
31,HOBBIES_2_005,rare,croston_sba,croston_sba,3,store_fallback,TX_1,28
32,HOBBIES_2_008,rare,croston_sba,croston_sba,3,store_fallback,TX_1,28
33,HOBBIES_2_017,rare,croston_sba,croston_sba,3,store_fallback,TX_1,28
34,HOBBIES_2_079,rare,croston_sba,croston_sba,3,store_fallback,TX_1,28
35,HOBBIES_2_120,occasional,croston_sba,croston_sba,3,store_fallback,TX_1,28
36,HOUSEHOLD_1_104,rare,croston_sba,croston_sba,3,store_fallback,TX_1,28
37,HOUSEHOLD_1_170,occasional,croston_sba,croston_sba,3,store_fallback,TX_1,28
38,HOUSEHOLD_1_256,occasional,croston_sba,croston_sba,3,store_fallback,TX_1,28
39,HOUSEHOLD_1_330,occasional,croston_sba,croston_sba,3,store_fallback,TX_1,28
40,HOUSEHOLD_1_414,regular,croston_sba,croston_sba,3,store_fallback,TX_1,28
41,HOUSEHOLD_1_460,occasional,croston_sba,croston_sba,3,store_fallback,TX_1,28
42,HOUSEHOLD_1_462,occasional,croston_sba,croston_sba,3,store_fallback,TX_1,28
43,HOUSEHOLD_2_049,occasional,croston_sba,croston_sba,3,store_fallback,TX_1,28
44,HOUSEHOLD_2_120,rare,croston_sba,croston_sba,3,store_fallback,TX_1,28
45,HOUSEHOLD_2_158,rare,croston_sba,croston_sba,3,store_fallback,TX_1,28
46,HOUSEHOLD_2_184,occasional,croston_sba,croston_sba,3,store_fallback,TX_1,28
47,HOUSEHOLD_2_194,occasional,croston_sba,croston_sba,3,store_fallback,TX_1,28
48,HOUSEHOLD_2_267,rare,croston_sba,croston_sba,3,store_fallback,TX_1,28
49,HOUSEHOLD_2_307,rare,croston_sba,croston_sba,3,store_fallback,TX_1,28
50,HOUSEHOLD_2_334,occasional,croston_sba,croston_sba,3,store_fallback,TX_1,28
51,HOUSEHOLD_2_347,occasional,croston_sba,croston_sba,3,store_fallback,TX_1,28
52,HOUSEHOLD_2_407,rare,croston_sba,croston_sba,3,store_fallback,TX_1,28
53,HOUSEHOLD_2_438,occasional,croston_sba,croston_sba,3,store_fallback,TX_1,28
1,FOODS_1_129,occasional,mean_28,direct_personalized,13,per_product_gain,WI_1,7
2,FOODS_1_137,occasional,direct_personalized,direct_personalized,13,store_fallback,WI_1,7
3,FOODS_1_187,occasional,mean_7,direct_personalized,13,per_product_gain,WI_1,7
4,FOODS_3_002,regular,direct_personalized,direct_personalized,13,store_fallback,WI_1,7
5,FOODS_3_010,occasional,direct_personalized,direct_personalized,13,store_fallback,WI_1,7
6,FOODS_3_034,occasional,direct_personalized,direct_personalized,13,store_fallback,WI_1,7
7,FOODS_3_123,occasional,direct_personalized,direct_personalized,13,store_fallback,WI_1,7
8,FOODS_3_317,occasional,direct_personalized,direct_personalized,13,store_fallback,WI_1,7
9,FOODS_3_381,occasional,tsb,direct_personalized,13,per_product_gain,WI_1,7
10,FOODS_3_415,occasional,tsb,direct_personalized,13,per_product_gain,WI_1,7
11,FOODS_3_440,occasional,mean_7,direct_personalized,13,per_product_gain,WI_1,7
12,FOODS_3_477,regular,croston_sba,direct_personalized,13,per_product_gain,WI_1,7
13,FOODS_3_486,occasional,mean_7,direct_personalized,13,per_product_gain,WI_1,7
14,FOODS_3_514,occasional,mean_28,direct_personalized,13,per_product_gain,WI_1,7
15,FOODS_3_593,occasional,mean_7,direct_personalized,13,per_product_gain,WI_1,7
16,FOODS_3_609,occasional,mean_28,direct_personalized,13,per_product_gain,WI_1,7
17,FOODS_3_785,regular,direct_personalized,direct_personalized,13,store_fallback,WI_1,7
18,HOBBIES_1_025,occasional,croston_sba,direct_personalized,13,per_product_gain,WI_1,7
19,HOBBIES_1_038,rare,direct_personalized,direct_personalized,13,store_fallback,WI_1,7
20,HOBBIES_1_090,occasional,croston_sba,direct_personalized,13,per_product_gain,WI_1,7
21,HOBBIES_1_093,occasional,direct_personalized,direct_personalized,13,store_fallback,WI_1,7
22,HOBBIES_1_113,rare,mean_7,direct_personalized,13,per_product_gain,WI_1,7
23,HOBBIES_1_201,rare,direct_personalized,direct_personalized,13,store_fallback,WI_1,7
24,HOBBIES_1_210,rare,direct_personalized,direct_personalized,13,store_fallback,WI_1,7
25,HOBBIES_1_254,occasional,croston_sba,direct_personalized,13,per_product_gain,WI_1,7
26,HOBBIES_1_316,occasional,mean_28,direct_personalized,13,per_product_gain,WI_1,7
27,HOBBIES_1_353,occasional,mean_28,direct_personalized,13,per_product_gain,WI_1,7
28,HOBBIES_1_385,occasional,croston_sba,direct_personalized,13,per_product_gain,WI_1,7
29,HOBBIES_1_393,occasional,mean_28,direct_personalized,13,per_product_gain,WI_1,7
30,HOBBIES_1_424,occasional,direct_personalized,direct_personalized,13,store_fallback,WI_1,7
31,HOBBIES_2_005,rare,croston_sba,direct_personalized,13,per_product_gain,WI_1,7
32,HOBBIES_2_008,rare,mean_28,direct_personalized,13,per_product_gain,WI_1,7
33,HOBBIES_2_017,occasional,direct_personalized,direct_personalized,13,store_fallback,WI_1,7
34,HOBBIES_2_079,rare,direct_personalized,direct_personalized,13,store_fallback,WI_1,7
35,HOBBIES_2_120,occasional,mean_28,direct_personalized,13,per_product_gain,WI_1,7
36,HOUSEHOLD_1_104,rare,mean_28,direct_personalized,13,per_product_gain,WI_1,7
37,HOUSEHOLD_1_170,occasional,direct_personalized,direct_personalized,13,store_fallback,WI_1,7
38,HOUSEHOLD_1_256,rare,tsb,direct_personalized,13,per_product_gain,WI_1,7
39,HOUSEHOLD_1_330,occasional,croston_sba,direct_personalized,13,per_product_gain,WI_1,7
40,HOUSEHOLD_1_414,regular,direct_personalized,direct_personalized,13,store_fallback,WI_1,7
41,HOUSEHOLD_1_460,occasional,direct_personalized,direct_personalized,13,store_fallback,WI_1,7
42,HOUSEHOLD_1_462,occasional,tsb,direct_personalized,13,per_product_gain,WI_1,7
43,HOUSEHOLD_2_049,occasional,croston_sba,direct_personalized,13,per_product_gain,WI_1,7
44,HOUSEHOLD_2_120,rare,mean_28,direct_personalized,13,per_product_gain,WI_1,7
45,HOUSEHOLD_2_158,rare,tsb,direct_personalized,13,per_product_gain,WI_1,7
46,HOUSEHOLD_2_184,occasional,direct_personalized,direct_personalized,13,store_fallback,WI_1,7
47,HOUSEHOLD_2_194,rare,direct_personalized,direct_personalized,13,store_fallback,WI_1,7
48,HOUSEHOLD_2_267,occasional,croston_sba,direct_personalized,13,per_product_gain,WI_1,7
49,HOUSEHOLD_2_307,rare,croston_sba,direct_personalized,13,per_product_gain,WI_1,7
50,HOUSEHOLD_2_334,rare,direct_personalized,direct_personalized,13,store_fallback,WI_1,7
51,HOUSEHOLD_2_347,rare,direct_personalized,direct_personalized,13,store_fallback,WI_1,7
52,HOUSEHOLD_2_407,rare,direct_personalized,direct_personalized,13,store_fallback,WI_1,7
53,HOUSEHOLD_2_438,occasional,croston_sba,direct_personalized,13,per_product_gain,WI_1,7
1,FOODS_1_129,occasional,mean_28,mean_28,3,store_fallback,WI_1,28
2,FOODS_1_137,occasional,mean_28,mean_28,3,store_fallback,WI_1,28
3,FOODS_1_187,occasional,mean_28,mean_28,3,store_fallback,WI_1,28
4,FOODS_3_002,regular,mean_28,mean_28,3,store_fallback,WI_1,28
5,FOODS_3_010,occasional,mean_28,mean_28,3,store_fallback,WI_1,28
6,FOODS_3_034,occasional,mean_28,mean_28,3,store_fallback,WI_1,28
7,FOODS_3_123,occasional,mean_28,mean_28,3,store_fallback,WI_1,28
8,FOODS_3_317,occasional,mean_28,mean_28,3,store_fallback,WI_1,28
9,FOODS_3_381,occasional,mean_28,mean_28,3,store_fallback,WI_1,28
10,FOODS_3_415,occasional,mean_28,mean_28,3,store_fallback,WI_1,28
11,FOODS_3_440,occasional,mean_28,mean_28,3,store_fallback,WI_1,28
12,FOODS_3_477,regular,mean_28,mean_28,3,store_fallback,WI_1,28
13,FOODS_3_486,occasional,mean_28,mean_28,3,store_fallback,WI_1,28
14,FOODS_3_514,occasional,mean_28,mean_28,3,store_fallback,WI_1,28
15,FOODS_3_593,occasional,mean_28,mean_28,3,store_fallback,WI_1,28
16,FOODS_3_609,occasional,mean_28,mean_28,3,store_fallback,WI_1,28
17,FOODS_3_785,regular,mean_28,mean_28,3,store_fallback,WI_1,28
18,HOBBIES_1_025,occasional,mean_28,mean_28,3,store_fallback,WI_1,28
19,HOBBIES_1_038,rare,mean_28,mean_28,3,store_fallback,WI_1,28
20,HOBBIES_1_090,occasional,mean_28,mean_28,3,store_fallback,WI_1,28
21,HOBBIES_1_093,occasional,mean_28,mean_28,3,store_fallback,WI_1,28
22,HOBBIES_1_113,rare,mean_28,mean_28,3,store_fallback,WI_1,28
23,HOBBIES_1_201,rare,mean_28,mean_28,3,store_fallback,WI_1,28
24,HOBBIES_1_210,rare,mean_28,mean_28,3,store_fallback,WI_1,28
25,HOBBIES_1_254,occasional,mean_28,mean_28,3,store_fallback,WI_1,28
26,HOBBIES_1_316,occasional,mean_28,mean_28,3,store_fallback,WI_1,28
27,HOBBIES_1_353,occasional,mean_28,mean_28,3,store_fallback,WI_1,28
28,HOBBIES_1_385,occasional,mean_28,mean_28,3,store_fallback,WI_1,28
29,HOBBIES_1_393,occasional,mean_28,mean_28,3,store_fallback,WI_1,28
30,HOBBIES_1_424,occasional,mean_28,mean_28,3,store_fallback,WI_1,28
31,HOBBIES_2_005,rare,mean_28,mean_28,3,store_fallback,WI_1,28
32,HOBBIES_2_008,rare,mean_28,mean_28,3,store_fallback,WI_1,28
33,HOBBIES_2_017,occasional,mean_28,mean_28,3,store_fallback,WI_1,28
34,HOBBIES_2_079,rare,mean_28,mean_28,3,store_fallback,WI_1,28
35,HOBBIES_2_120,occasional,mean_28,mean_28,3,store_fallback,WI_1,28
36,HOUSEHOLD_1_104,rare,mean_28,mean_28,3,store_fallback,WI_1,28
37,HOUSEHOLD_1_170,occasional,mean_28,mean_28,3,store_fallback,WI_1,28
38,HOUSEHOLD_1_256,rare,mean_28,mean_28,3,store_fallback,WI_1,28
39,HOUSEHOLD_1_330,occasional,mean_28,mean_28,3,store_fallback,WI_1,28
40,HOUSEHOLD_1_414,regular,mean_28,mean_28,3,store_fallback,WI_1,28
41,HOUSEHOLD_1_460,occasional,mean_28,mean_28,3,store_fallback,WI_1,28
42,HOUSEHOLD_1_462,occasional,mean_28,mean_28,3,store_fallback,WI_1,28
43,HOUSEHOLD_2_049,occasional,mean_28,mean_28,3,store_fallback,WI_1,28
44,HOUSEHOLD_2_120,rare,mean_28,mean_28,3,store_fallback,WI_1,28
45,HOUSEHOLD_2_158,rare,mean_28,mean_28,3,store_fallback,WI_1,28
46,HOUSEHOLD_2_184,occasional,mean_28,mean_28,3,store_fallback,WI_1,28
47,HOUSEHOLD_2_194,rare,mean_28,mean_28,3,store_fallback,WI_1,28
48,HOUSEHOLD_2_267,occasional,mean_28,mean_28,3,store_fallback,WI_1,28
49,HOUSEHOLD_2_307,rare,mean_28,mean_28,3,store_fallback,WI_1,28
50,HOUSEHOLD_2_334,rare,mean_28,mean_28,3,store_fallback,WI_1,28
51,HOUSEHOLD_2_347,rare,mean_28,mean_28,3,store_fallback,WI_1,28
52,HOUSEHOLD_2_407,rare,mean_28,mean_28,3,store_fallback,WI_1,28
53,HOUSEHOLD_2_438,occasional,mean_28,mean_28,3,store_fallback,WI_1,28
